state_name,lead_day,valid_time,latitude,longitude,rfs,normal,deviation,temperature_C,r2,pressure_hPa,wind_speed,wind_direction,previous_error_mean,previous_bust_rate,bust_probability,stress_score,confidence,risk_reasons
Andhra Pradesh,1,2026-08-28,16.0,79.75,0.0,4.18258064516129,-100.0,28.450012,57.3,1006.79376,3.7614963,278.52853,11.713338268261737,0.1895957948160232,0.045698712013169974,8.693900215921657,HIGH CONFIDENCE,Weather conditions relatively stable
Andhra Pradesh,2,2026-08-29,16.0,79.75,0.0,4.18258064516129,-100.0,29.149994,53.6,1006.6605,5.3077803,284.87457,11.713338268261737,0.1895957948160232,0.045698712013169974,9.209328215120093,HIGH CONFIDENCE,Weather conditions relatively stable
Andhra Pradesh,3,2026-08-30,16.0,79.75,0.0,4.18258064516129,-100.0,29.014557,54.2,1007.0634,6.1803293,280.4774,11.713338268261737,0.1895957948160232,0.045698712013169974,9.500178019998328,HIGH CONFIDENCE,Weather conditions relatively stable
Andhra Pradesh,4,2026-08-31,16.0,79.75,0.0,4.18258064516129,-100.0,27.948853,55.8,1007.18805,5.652953,283.21265,11.713338268261737,0.1895957948160232,0.045698712013169974,9.324385854897754,HIGH CONFIDENCE,Weather conditions relatively stable
Andhra Pradesh,5,2026-09-01,16.0,79.75,0.0,4.978666666666667,-100.0,28.611877,53.7,1006.6683,4.6643677,290.1986,11.713338268261737,0.1895957948160232,0.04518488058682071,8.97430412825145,HIGH CONFIDENCE,Weather conditions relatively stable
Andhra Pradesh,6,2026-09-02,16.0,79.75,0.0,4.978666666666667,-100.0,28.81134,53.7,1007.385,4.400096,275.74844,11.713338268261737,0.1895957948160232,0.04518488058682071,8.886213492415326,HIGH CONFIDENCE,Weather conditions relatively stable
Andhra Pradesh,7,2026-09-03,16.0,79.75,0.0625,4.978666666666667,-98.74464381360471,27.91211,59.2,1007.0398,1.9981152,282.21002,11.713338268261737,0.1895957948160232,0.04518488058682071,8.155245478916477,HIGH CONFIDENCE,Weather conditions relatively stable
Andhra Pradesh,8,2026-09-04,16.0,79.75,0.75,4.978666666666667,-84.93572576325657,27.873016,63.3,1006.4317,3.314424,272.4531,11.713338268261737,0.1895957948160232,0.051471129807862524,10.437079514180603,HIGH CONFIDENCE,Weather conditions relatively stable
Andhra Pradesh,9,2026-09-05,16.0,79.75,0.25,4.978666666666667,-94.97857525441886,27.283783,67.5,1006.2921,0.25062513,115.580055,11.713338268261737,0.1895957948160232,0.050396923817272184,9.86530730021286,HIGH CONFIDENCE,Weather conditions relatively stable
Andhra Pradesh,10,2026-09-06,16.0,79.75,0.0625,4.978666666666667,-98.74464381360471,27.169983,69.7,1006.905,1.866089,341.33905,11.713338268261737,0.1895957948160232,0.04518488058682071,10.536235902178596,HIGH CONFIDENCE,Weather conditions relatively stable
Arunachal Pradesh,1,2026-08-28,28.25,94.75,9.5,13.14774193548387,-27.74424652828892,22.350006,99.3,1004.47577,0.18281811,41.06572,11.769101968098605,0.21297806779046582,0.15758365076384429,26.529488498787217,HIGH CONFIDENCE,Frequent historical forecast busts | Very high humidity
Arunachal Pradesh,2,2026-08-29,28.25,94.75,4.0,13.14774193548387,-69.57652485401638,22.149994,98.7,1005.96655,0.22159015,336.05994,11.769101968098605,0.21297806779046582,0.050841746217704153,19.5310370907726,HIGH CONFIDENCE,Frequent historical forecast busts | Very high humidity
Arunachal Pradesh,3,2026-08-30,28.25,94.75,3.0,13.14774193548387,-77.18239364051229,22.114563,98.1,1004.97943,0.53187436,328.57834,11.769101968098605,0.21297806779046582,0.052049754762539896,19.061568958540022,HIGH CONFIDENCE,Frequent historical forecast busts | Very high humidity
Arunachal Pradesh,4,2026-08-31,28.25,94.75,2.0625,13.14774193548387,-84.3128956278522,20.848846,98.5,1006.8041,0.31320947,4.888149,11.769101968098605,0.21297806779046582,0.048093751645357063,18.488673396104243,HIGH CONFIDENCE,Frequent historical forecast busts | Very high humidity
Arunachal Pradesh,5,2026-09-01,28.25,94.75,0.5625,12.682333333333334,-95.56469629668568,20.111877,94.7,1010.3602,1.526903,323.0656,11.769101968098605,0.21297806779046582,0.051638634751745204,17.387222337174514,HIGH CONFIDENCE,Frequent historical forecast busts | Very high humidity
Arunachal Pradesh,6,2026-09-02,28.25,94.75,0.0,12.682333333333334,-100.0,19.511322,81.6,1008.88104,0.63592,329.99908,11.769101968098605,0.21297806779046582,0.04321399311923371,13.204166685251012,HIGH CONFIDENCE,Frequent historical forecast busts
Arunachal Pradesh,7,2026-09-03,28.25,94.75,0.0,12.682333333333334,-100.0,19.612122,86.0,1009.11975,0.5535722,356.59116,11.769101968098605,0.21297806779046582,0.04321399311923371,14.276717413236812,HIGH CONFIDENCE,Frequent historical forecast busts
Arunachal Pradesh,8,2026-09-04,28.25,94.75,0.0625,12.682333333333334,-99.50718847740953,19.77304,92.5,1009.9957,0.3688364,348.8402,11.769101968098605,0.21297806779046582,0.04321399311923371,15.870592399537703,HIGH CONFIDENCE,Frequent historical forecast busts | Very high humidity
Arunachal Pradesh,9,2026-09-05,28.25,94.75,2.0,12.682333333333334,-84.23003127710463,20.583801,97.6,1010.1381,0.11206979,50.16662,11.769101968098605,0.21297806779046582,0.04864120241016907,18.221130896826217,HIGH CONFIDENCE,Frequent historical forecast busts | Very high humidity
Arunachal Pradesh,10,2026-09-06,28.25,94.75,1.1875,12.682333333333334,-90.63658107078088,20.769989,98.9,1010.02295,0.22213635,36.750748,11.769101968098605,0.21297806779046582,0.04999307023836567,18.241007847584832,HIGH CONFIDENCE,Frequent historical forecast busts | Very high humidity
Assam,1,2026-08-28,26.25,93.0,11.25,10.89,3.3057851239669365,24.550018,99.4,1002.6677,1.2893951,170.62224,8.89638727406199,0.15860068878013414,0.22668202477207652,30.063367230455974,MEDIUM CONFIDENCE,Elevated ML bust risk | Very high humidity
Assam,2,2026-08-29,26.25,93.0,0.375,10.89,-96.55647382920111,24.550018,95.8,1004.0326,0.14879036,299.17267,8.89638727406199,0.15860068878013414,0.04051562856677112,15.238949220906505,HIGH CONFIDENCE,Very high humidity
Assam,3,2026-08-30,26.25,93.0,8.4375,10.89,-22.520661157024797,24.514557,99.0,1002.8834,0.52866143,163.20943,8.89638727406199,0.15860068878013414,0.16955418862183935,25.847720254150943,HIGH CONFIDENCE,Very high humidity
Assam,4,2026-08-31,26.25,93.0,9.5,10.89,-12.764003673094587,24.348846,98.8,1002.892,1.0462362,109.42384,8.89638727406199,0.15860068878013414,0.21194496210425118,28.261615475712798,HIGH CONFIDENCE,Elevated ML bust risk | Very high humidity
Assam,5,2026-09-01,26.25,93.0,0.0,8.961666666666666,-100.0,23.411865,95.5,1005.60626,0.4387439,109.923584,8.89638727406199,0.15860068878013414,0.02904842506099903,14.591650260298042,HIGH CONFIDENCE,Very high humidity
Assam,6,2026-09-02,26.25,93.0,0.3125,8.961666666666666,-96.51292542309838,22.911346,93.2,1006.065,0.5024014,92.199554,8.89638727406199,0.15860068878013414,0.03832589772558599,14.618103308814462,HIGH CONFIDENCE,Very high humidity
Assam,7,2026-09-03,26.25,93.0,1.6875,8.961666666666666,-81.16979728473126,22.812103,97.6,1006.5277,0.90832233,92.99174,8.89638727406199,0.15860068878013414,0.037935895874435674,16.758004285168184,HIGH CONFIDENCE,Very high humidity
Assam,8,2026-09-04,26.25,93.0,4.1875,8.961666666666666,-53.27320066951832,23.27304,97.2,1007.9757,0.8087003,89.15954,8.89638727406199,0.15860068878013414,0.08987177817775613,20.375312184331197,HIGH CONFIDENCE,Very high humidity
Assam,9,2026-09-05,26.25,93.0,5.0,8.961666666666666,-44.20680676957411,23.483795,97.3,1008.4981,1.1405795,117.02258,8.89638727406199,0.15860068878013414,0.0883922101553839,20.995508037763944,HIGH CONFIDENCE,Very high humidity
Assam,10,2026-09-06,26.25,93.0,3.9375,8.961666666666666,-56.06286033103961,23.669983,97.6,1008.431,0.884525,116.30769,8.89638727406199,0.15860068878013414,0.08742184208530332,20.23528181319072,HIGH CONFIDENCE,Very high humidity
Bihar,1,2026-08-28,26.0,85.25,0.125,9.530645161290323,-98.68844136063632,29.950012,75.5,1000.1817,3.5948822,275.2324,6.67980409221797,0.10588664115181337,0.04097155536943032,9.969384660817616,HIGH CONFIDENCE,Weather conditions relatively stable
Bihar,2,2026-08-29,26.0,85.25,17.6875,9.530645161290323,85.58554746996107,27.350006,91.8,1000.27655,1.8631631,167.28506,6.67980409221797,0.10588664115181337,0.38061344040447814,38.17116530307304,MEDIUM CONFIDENCE,Elevated ML bust risk | Rainfall forecast well above normal | Very high humidity
Bihar,3,2026-08-30,26.0,85.25,0.0,9.530645161290323,-100.0,26.21457,91.5,1001.6914,1.8689932,97.56711,6.67980409221797,0.10588664115181337,0.0316653189663185,12.942705392814302,HIGH CONFIDENCE,Very high humidity
Bihar,4,2026-08-31,26.0,85.25,0.0625,9.530645161290323,-99.34422068031816,25.148865,93.4,1000.9761,2.9119387,254.30087,6.67980409221797,0.10588664115181337,0.0316653189663185,13.804920812061471,HIGH CONFIDENCE,Very high humidity
Bihar,5,2026-09-01,26.0,85.25,6.8125,7.508666666666667,-9.271508479090826,26.011871,92.8,1002.47424,2.5891783,100.89791,6.67980409221797,0.10588664115181337,0.14767086767017978,23.48568428447548,HIGH CONFIDENCE,Very high humidity
Bihar,6,2026-09-02,26.0,85.25,1.125,7.508666666666667,-85.01731332682235,25.111328,86.7,1003.781,2.9857035,62.238483,6.67980409221797,0.10588664115181337,0.0418475807548778,13.403685115358533,HIGH CONFIDENCE,Weather conditions relatively stable
Bihar,7,2026-09-03,26.0,85.25,1.5625,7.508666666666667,-79.19071295391991,26.41211,89.1,1002.8117,3.8867555,73.520065,6.67980409221797,0.10588664115181337,0.04196966819952105,14.651707521971916,HIGH CONFIDENCE,Weather conditions relatively stable
Bihar,8,2026-09-04,26.0,85.25,0.0,7.508666666666667,-100.0,25.373016,92.6,1004.2517,5.5719,96.26595,6.67980409221797,0.10588664115181337,0.029656718299215696,14.371662218324621,HIGH CONFIDENCE,Very high humidity
Bihar,9,2026-09-05,26.0,85.25,0.0,7.508666666666667,-100.0,25.88379,89.6,1004.97815,4.9874606,91.35815,6.67980409221797,0.10588664115181337,0.029656718299215696,13.426849249951323,HIGH CONFIDENCE,Weather conditions relatively stable
Bihar,10,2026-09-06,26.0,85.25,4.1875,7.508666666666667,-44.23111071650537,26.069977,89.8,1005.819,2.5625474,94.97022,6.67980409221797,0.10588664115181337,0.08796294609725383,18.28176392253721,HIGH CONFIDENCE,Weather conditions relatively stable
Chhattisgarh,1,2026-08-28,21.25,82.0,0.0,11.814838709677419,-100.0,23.350006,93.6,1004.65375,3.7285125,253.76894,12.548285604495197,0.196121080297263,0.04350937070370053,17.325479296136603,HIGH CONFIDENCE,Very high humidity
Chhattisgarh,2,2026-08-29,21.25,82.0,0.4375,11.814838709677419,-96.29702943264348,24.450012,88.9,1004.42053,3.7761846,266.6985,12.548285604495197,0.196121080297263,0.05360215726116648,16.797682314908673,HIGH CONFIDENCE,Weather conditions relatively stable
Chhattisgarh,3,2026-08-30,21.25,82.0,1.3125,11.814838709677419,-88.89108829793044,23.814545,94.3,1004.83545,3.7592216,246.87946,12.548285604495197,0.196121080297263,0.051904716392078866,18.529332305434252,HIGH CONFIDENCE,Very high humidity
Chhattisgarh,4,2026-08-31,21.25,82.0,2.0625,11.814838709677419,-82.54313875389067,23.448853,92.3,1004.752,3.4698005,262.9157,12.548285604495197,0.196121080297263,0.050636470951336394,18.27230199092467,HIGH CONFIDENCE,Very high humidity
Chhattisgarh,5,2026-09-01,21.25,82.0,0.0,7.513,-100.0,22.711884,90.1,1004.6602,3.226412,246.44228,12.548285604495197,0.196121080297263,0.04086596231370727,16.17737544258872,HIGH CONFIDENCE,Very high humidity
Chhattisgarh,6,2026-09-02,21.25,82.0,1.75,7.513,-76.70704112871024,22.511322,96.2,1005.769,2.8663688,265.6125,12.548285604495197,0.196121080297263,0.049031164641955755,19.279421888158467,HIGH CONFIDENCE,Very high humidity
Chhattisgarh,7,2026-09-03,21.25,82.0,5.9375,7.513,-20.97031811526687,22.112122,97.1,1003.65173,5.2048965,256.5866,12.548285604495197,0.196121080297263,0.20133517016137734,29.655390437330727,HIGH CONFIDENCE,Elevated ML bust risk | Very high humidity
Chhattisgarh,8,2026-09-04,21.25,82.0,77.5,7.513,931.5453214428323,22.373016,98.3,1002.47174,6.173489,259.56506,12.548285604495197,0.196121080297263,0.9800600892850052,76.77750139928236,LOW CONFIDENCE,Very high ML bust risk | Rainfall forecast well above normal | Very high humidity
Chhattisgarh,9,2026-09-05,21.25,82.0,0.9375,7.513,-87.52162917609478,22.38379,95.3,1003.9881,4.0350213,196.02568,12.548285604495197,0.196121080297263,0.04915824990730608,18.81277575284103,HIGH CONFIDENCE,Very high humidity
Chhattisgarh,10,2026-09-06,21.25,82.0,0.0,7.513,-100.0,21.869965,95.9,1006.781,2.8625834,181.14272,12.548285604495197,0.196121080297263,0.04086596231370727,17.506100624108704,HIGH CONFIDENCE,Very high humidity
Goa,1,2026-08-28,15.25,74.0,2.5625,18.496774193548386,-86.14623299616323,24.25,88.4,1010.71576,2.0699382,269.66333,12.237755366908338,0.21258415328845157,0.06382811727887516,17.227696875939497,HIGH CONFIDENCE,Frequent historical forecast busts
Goa,2,2026-08-29,15.25,74.0,2.5,18.496774193548386,-86.48412975235438,24.350006,85.4,1011.0086,2.4411469,268.18134,12.237755366908338,0.21258415328845157,0.06287573632649422,16.541967512159992,HIGH CONFIDENCE,Frequent historical forecast busts
Goa,3,2026-08-30,15.25,74.0,2.3125,18.496774193548386,-87.49782002092779,24.014557,88.2,1011.10345,2.2019887,273.74634,12.237755366908338,0.21258415328845157,0.06192335537411324,17.06003819259509,HIGH CONFIDENCE,Frequent historical forecast busts
Goa,4,2026-08-31,15.25,74.0,1.625,18.496774193548386,-91.21468433903036,24.048859,87.8,1011.2961,2.2196727,265.66113,12.237755366908338,0.21258415328845157,0.058074149024906895,16.57688417584375,HIGH CONFIDENCE,Frequent historical forecast busts
Goa,5,2026-09-01,15.25,74.0,2.875,9.5,-69.73684210526315,23.611877,90.8,1010.2123,2.1810458,261.57623,12.237755366908338,0.21258415328845157,0.11667707282566347,20.927875719458186,HIGH CONFIDENCE,Frequent historical forecast busts | Very high humidity
Goa,6,2026-09-02,15.25,74.0,3.0625,9.5,-67.76315789473685,23.611328,89.6,1010.95294,2.200896,260.07663,12.237755366908338,0.21258415328845157,0.23842181271666243,25.62332751042588,HIGH CONFIDENCE,Elevated ML bust risk | Frequent historical forecast busts
Goa,7,2026-09-03,15.25,74.0,2.3125,9.5,-75.6578947368421,24.212128,88.6,1010.16376,1.8499007,249.51462,12.237755366908338,0.21258415328845157,0.06200541046941727,17.723482759873278,HIGH CONFIDENCE,Frequent historical forecast busts
Goa,8,2026-09-04,15.25,74.0,2.375,9.5,-75.0,24.27304,88.0,1009.4877,2.454763,251.02603,12.237755366908338,0.21258415328845157,0.06295779142179822,17.852881745618454,HIGH CONFIDENCE,Frequent historical forecast busts
Goa,9,2026-09-05,15.25,74.0,1.5,9.5,-84.21052631578947,24.683807,87.1,1008.8321,1.3605255,278.9554,12.237755366908338,0.21258415328845157,0.05727280620747858,16.480180870651868,HIGH CONFIDENCE,Frequent historical forecast busts
Goa,10,2026-09-06,15.25,74.0,0.125,9.5,-98.68421052631578,23.869965,89.1,1009.235,1.133401,149.04909,12.237755366908338,0.21258415328845157,0.05151739043561898,15.801239746511387,HIGH CONFIDENCE,Frequent historical forecast busts
Gujarat,1,2026-08-28,22.25,71.25,0.0,6.548064516129032,-100.0,25.25,75.7,1006.0377,5.681107,238.80948,13.70180478554729,0.16110520722635494,0.034487914364388465,13.156290866956951,HIGH CONFIDENCE,Weather conditions relatively stable
Gujarat,2,2026-08-29,22.25,71.25,0.0,6.548064516129032,-100.0,25.25,75.1,1006.00256,7.0308146,241.01057,13.70180478554729,0.16110520722635494,0.034487914364388465,13.456193872318508,HIGH CONFIDENCE,Weather conditions relatively stable
Gujarat,3,2026-08-30,22.25,71.25,0.0,6.548064516129032,-100.0,25.614563,70.2,1005.9874,7.214466,241.28581,13.70180478554729,0.16110520722635494,0.034487914364388465,12.292410575375797,HIGH CONFIDENCE,Weather conditions relatively stable
Gujarat,4,2026-08-31,22.25,71.25,0.0,6.548064516129032,-100.0,25.148865,73.4,1005.9601,7.061456,232.91626,13.70180478554729,0.16110520722635494,0.034487914364388465,13.041408315823318,HIGH CONFIDENCE,Weather conditions relatively stable
Gujarat,5,2026-09-01,22.25,71.25,0.0625,3.644666666666667,-98.28516553868667,25.411865,76.3,1004.7202,7.2942743,231.61317,13.70180478554729,0.16110520722635494,0.03277409522149768,13.865170520712223,HIGH CONFIDENCE,Weather conditions relatively stable
Gujarat,6,2026-09-02,22.25,71.25,0.125,3.644666666666667,-96.57033107737333,25.111328,80.6,1005.32104,6.3028274,228.46477,13.70180478554729,0.16110520722635494,0.03827146836304338,14.919291034032096,HIGH CONFIDENCE,Weather conditions relatively stable
Gujarat,7,2026-09-03,22.25,71.25,0.1875,3.644666666666667,-94.85549661606,25.312103,78.9,1005.4158,5.2130013,235.43689,13.70180478554729,0.16110520722635494,0.03853624290537045,14.23131548966185,HIGH CONFIDENCE,Weather conditions relatively stable
Gujarat,8,2026-09-04,22.25,71.25,0.0,3.644666666666667,-100.0,24.373016,84.3,1005.6717,3.1644666,238.6123,13.70180478554729,0.16110520722635494,0.03277409522149768,14.398859330323665,HIGH CONFIDENCE,Weather conditions relatively stable
Gujarat,9,2026-09-05,22.25,71.25,0.0,3.644666666666667,-100.0,24.783783,82.3,1005.5261,5.153166,266.57108,13.70180478554729,0.16110520722635494,0.03277409522149768,14.561759290156095,HIGH CONFIDENCE,Weather conditions relatively stable
Gujarat,10,2026-09-06,22.25,71.25,0.875,3.644666666666667,-75.99231754161332,24.769989,82.7,1005.78705,5.001392,274.33432,13.70180478554729,0.16110520722635494,0.04109293377560734,16.199840823038556,HIGH CONFIDENCE,Weather conditions relatively stable
Haryana,1,2026-08-28,29.0,76.0,0.0,5.290967741935484,-100.0,32.55002,42.3,999.92377,6.9314556,260.18018,0.7544010184774574,0.0018477457501847746,0.002535398558684365,2.6697190978584344,HIGH CONFIDENCE,Weather conditions relatively stable
Haryana,2,2026-08-29,29.0,76.0,0.0,5.290967741935484,-100.0,31.649994,45.7,999.70056,6.377485,262.9977,0.7544010184774574,0.0018477457501847746,0.002535398558684365,2.48506223196364,HIGH CONFIDENCE,Weather conditions relatively stable
Haryana,3,2026-08-30,29.0,76.0,0.0,5.290967741935484,-100.0,30.41455,51.2,999.41547,6.6243877,246.55042,0.7544010184774574,0.0018477457501847746,0.002535398558684365,2.56736320788241,HIGH CONFIDENCE,Weather conditions relatively stable
Haryana,4,2026-08-31,29.0,76.0,0.0,5.290967741935484,-100.0,29.648865,54.1,999.9601,6.186199,247.69461,0.7544010184774574,0.0018477457501847746,0.002535398558684365,2.4213003494796808,HIGH CONFIDENCE,Weather conditions relatively stable
Haryana,5,2026-09-01,29.0,76.0,0.0,2.8793333333333333,-100.0,28.711884,58.6,999.98627,6.416912,251.5622,0.7544010184774574,0.0018477457501847746,0.002221283822776672,2.4856399079067613,HIGH CONFIDENCE,Weather conditions relatively stable
Haryana,6,2026-09-02,29.0,76.0,0.8125,2.8793333333333333,-71.78166242185691,26.711334,80.5,1003.53296,0.9863621,186.86902,0.7544010184774574,0.0018477457501847746,0.004262481411071548,7.278392575639591,HIGH CONFIDENCE,Weather conditions relatively stable
Haryana,7,2026-09-03,29.0,76.0,0.875,2.8793333333333333,-69.61102106969206,26.91211,84.5,1002.71576,2.3735127,110.917694,0.7544010184774574,0.0018477457501847746,0.004189116179811579,8.845248422014249,HIGH CONFIDENCE,Weather conditions relatively stable
Haryana,8,2026-09-04,29.0,76.0,0.0,2.8793333333333333,-100.0,29.873016,66.1,1002.14764,2.6386073,141.60974,0.7544010184774574,0.0018477457501847746,0.002221283822776672,2.7512046774132157,HIGH CONFIDENCE,Weather conditions relatively stable
Haryana,9,2026-09-05,29.0,76.0,0.0,2.8793333333333333,-100.0,27.38379,81.2,1003.86414,3.2382085,143.06073,0.7544010184774574,0.0018477457501847746,0.002221283822776672,6.7260713582141305,HIGH CONFIDENCE,Weather conditions relatively stable
Haryana,10,2026-09-06,29.0,76.0,0.0,2.8793333333333333,-100.0,27.769989,79.1,1003.94104,2.7589433,115.36795,0.7544010184774574,0.0018477457501847746,0.002221283822776672,6.041316714624872,HIGH CONFIDENCE,Weather conditions relatively stable
Himachal Pradesh,1,2026-08-28,31.0,77.25,0.0,8.422258064516129,-100.0,17.25,69.4,1006.1917,1.7101805,56.743725,2.882648503172014,0.025013594344752584,0.017458941286563515,4.783100346532018,HIGH CONFIDENCE,Weather conditions relatively stable
Himachal Pradesh,2,2026-08-29,31.0,77.25,0.0,8.422258064516129,-100.0,18.550018,67.9,1005.00055,1.7778969,39.466656,2.882648503172014,0.025013594344752584,0.017458941286563515,4.430672470908911,HIGH CONFIDENCE,Weather conditions relatively stable
Himachal Pradesh,3,2026-08-30,31.0,77.25,0.0,8.422258064516129,-100.0,19.114563,67.9,1004.8155,1.2112554,33.17048,2.882648503172014,0.025013594344752584,0.017458941286563515,4.241791964005978,HIGH CONFIDENCE,Weather conditions relatively stable
Himachal Pradesh,4,2026-08-31,31.0,77.25,0.0,8.422258064516129,-100.0,19.448853,70.8,1004.82806,1.3399248,23.14587,2.882648503172014,0.025013594344752584,0.017458941286563515,5.0096820951069905,HIGH CONFIDENCE,Weather conditions relatively stable
Himachal Pradesh,5,2026-09-01,31.0,77.25,0.0,4.4623333333333335,-100.0,19.31186,75.1,1004.56024,1.7828796,344.79785,2.882648503172014,0.025013594344752584,0.013526803212255934,6.075047232336594,HIGH CONFIDENCE,Weather conditions relatively stable
Himachal Pradesh,6,2026-09-02,31.0,77.25,0.5,4.4623333333333335,-88.79509972361245,18.011322,92.2,1008.233,1.0746012,150.9357,2.882648503172014,0.025013594344752584,0.0236543884409593,11.129297750584053,HIGH CONFIDENCE,Very high humidity
Himachal Pradesh,7,2026-09-03,31.0,77.25,0.0,4.4623333333333335,-100.0,16.212128,90.2,1008.15173,1.7032506,100.05605,2.882648503172014,0.025013594344752584,0.013526803212255934,9.823504040143682,HIGH CONFIDENCE,Very high humidity
Himachal Pradesh,8,2026-09-04,31.0,77.25,0.0,4.4623333333333335,-100.0,16.073029,82.3,1008.7237,1.7670015,71.801155,2.882648503172014,0.025013594344752584,0.013526803212255934,7.869755566246106,HIGH CONFIDENCE,Weather conditions relatively stable
Himachal Pradesh,9,2026-09-05,31.0,77.25,0.0,4.4623333333333335,-100.0,16.083801,81.4,1009.7961,1.5226476,77.41419,2.882648503172014,0.025013594344752584,0.013526803212255934,7.563303779936625,HIGH CONFIDENCE,Weather conditions relatively stable
Himachal Pradesh,10,2026-09-06,31.0,77.25,0.0,4.4623333333333335,-100.0,16.669983,88.5,1009.96704,1.5186608,94.98689,2.882648503172014,0.025013594344752584,0.013526803212255934,9.33697437507589,HIGH CONFIDENCE,Weather conditions relatively stable
Jharkhand,1,2026-08-28,23.5,85.25,0.1875,10.413225806451612,-98.19940522288653,23.149994,97.4,1002.64575,2.9622128,323.0678,5.4901774507402665,0.08225187351489673,0.04111022002058163,14.655663021396695,HIGH CONFIDENCE,Very high humidity
Jharkhand,2,2026-08-29,23.5,85.25,11.875,10.413225806451612,14.037669217186592,23.550018,97.0,1002.94055,4.1610045,313.46738,5.4901774507402665,0.08225187351489673,0.15829845078230984,26.46966363747467,HIGH CONFIDENCE,Very high humidity
Jharkhand,3,2026-08-30,23.5,85.25,23.625,10.413225806451612,126.87494191629753,22.41455,98.4,1002.97144,3.1702335,321.8739,5.4901774507402665,0.08225187351489673,0.438425294316364,44.55786346294832,MEDIUM CONFIDENCE,Elevated ML bust risk | Rainfall forecast well above normal | Very high humidity
Jharkhand,4,2026-08-31,23.5,85.25,0.0,10.413225806451612,-100.0,21.74887,95.4,1003.20807,4.6286993,319.54538,5.4901774507402665,0.08225187351489673,0.03206717926840454,14.239914515361873,HIGH CONFIDENCE,Very high humidity
Jharkhand,5,2026-09-01,23.5,85.25,13.875,8.064,72.06101190476191,21.411865,98.2,1003.33026,4.8656573,322.12067,5.4901774507402665,0.08225187351489673,0.2751982855869782,34.949350646755086,MEDIUM CONFIDENCE,Elevated ML bust risk | Rainfall forecast well above normal | Very high humidity
Jharkhand,6,2026-09-02,23.5,85.25,4.1875,8.064,-48.07167658730159,22.31134,98.9,1003.165,3.5872083,343.01385,5.4901774507402665,0.08225187351489673,0.07112762141316126,19.41011847569874,HIGH CONFIDENCE,Very high humidity
Jharkhand,7,2026-09-03,23.5,85.25,1.25,8.064,-84.49900793650794,22.41211,98.6,1002.37976,2.976693,45.06113,5.4901774507402665,0.08225187351489673,0.04487626786074718,15.920996720677522,HIGH CONFIDENCE,Very high humidity
Jharkhand,8,2026-09-04,23.5,85.25,0.0,8.064,-100.0,20.973022,98.2,1004.5517,3.0941024,114.80632,5.4901774507402665,0.08225187351489673,0.02794930059026231,14.26366552972567,HIGH CONFIDENCE,Very high humidity
Jharkhand,9,2026-09-05,23.5,85.25,0.0,8.064,-100.0,20.783783,96.7,1006.17413,2.3738286,157.82266,5.4901774507402665,0.08225187351489673,0.02794930059026231,13.648573907849906,HIGH CONFIDENCE,Very high humidity
Jharkhand,10,2026-09-06,23.5,85.25,0.0,8.064,-100.0,21.669983,96.0,1008.025,2.5815618,187.05536,5.4901774507402665,0.08225187351489673,0.02794930059026231,13.542819063005565,HIGH CONFIDENCE,Very high humidity
Karnataka,1,2026-08-28,15.25,75.75,0.0,7.010322580645162,-100.0,21.850006,83.1,1010.9458,8.458154,263.87708,17.577921094435382,0.2978067790465833,0.032877387697612365,18.464300888524583,HIGH CONFIDENCE,Frequent historical forecast busts
Karnataka,2,2026-08-29,15.25,75.75,0.0,7.010322580645162,-100.0,20.75,90.2,1011.3486,7.3583846,256.66257,17.577921094435382,0.2978067790465833,0.032877387697612365,19.87271114711576,HIGH CONFIDENCE,Frequent historical forecast busts | Very high humidity
Karnataka,3,2026-08-30,15.25,75.75,0.0625,7.010322580645162,-99.1084575740843,21.91455,83.1,1011.69946,7.3622723,259.8603,17.577921094435382,0.2978067790465833,0.032877387697612365,18.15102314686729,HIGH CONFIDENCE,Frequent historical forecast busts
Karnataka,4,2026-08-31,15.25,75.75,0.0,7.010322580645162,-100.0,20.948853,85.3,1011.8361,6.729661,258.87985,17.577921094435382,0.2978067790465833,0.032877387697612365,18.438137429700426,HIGH CONFIDENCE,Frequent historical forecast busts
Karnataka,5,2026-09-01,15.25,75.75,0.0,5.359333333333333,-100.0,20.511871,89.1,1010.8783,6.8499274,258.29633,17.577921094435382,0.2978067790465833,0.03117053394767455,19.359951004925023,HIGH CONFIDENCE,Frequent historical forecast busts
Karnataka,6,2026-09-02,15.25,75.75,0.0,5.359333333333333,-100.0,20.411346,91.5,1011.80896,5.892229,246.60852,17.577921094435382,0.2978067790465833,0.03117053394767455,19.64071942919756,HIGH CONFIDENCE,Frequent historical forecast busts | Very high humidity
Karnataka,7,2026-09-03,15.25,75.75,0.0,5.359333333333333,-100.0,20.712128,90.9,1010.9917,5.2959304,248.07564,17.577921094435382,0.2978067790465833,0.03117053394767455,19.291952908578168,HIGH CONFIDENCE,Frequent historical forecast busts | Very high humidity
Karnataka,8,2026-09-04,15.25,75.75,0.0,5.359333333333333,-100.0,20.473022,91.5,1010.5397,4.8079543,243.46219,17.577921094435382,0.2978067790465833,0.03117053394767455,19.27929455840851,HIGH CONFIDENCE,Frequent historical forecast busts | Very high humidity
Karnataka,9,2026-09-05,15.25,75.75,0.0,5.359333333333333,-100.0,20.88379,90.8,1009.6981,5.3910336,253.31064,17.577921094435382,0.2978067790465833,0.03117053394767455,19.29865507835413,HIGH CONFIDENCE,Frequent historical forecast busts | Very high humidity
Karnataka,10,2026-09-06,15.25,75.75,0.0,5.359333333333333,-100.0,21.069977,87.9,1009.925,5.285473,250.98587,17.577921094435382,0.2978067790465833,0.03117053394767455,18.538467124643574,HIGH CONFIDENCE,Frequent historical forecast busts
Kerala,1,2026-08-28,10.5,76.25,0.0,14.415161290322581,-100.0,22.450012,98.0,1012.2277,1.2886385,141.04968,2.5804912050027187,0.008156606851549755,0.005248684232536878,11.039743486219141,HIGH CONFIDENCE,Very high humidity
Kerala,2,2026-08-29,10.5,76.25,0.0,14.415161290322581,-100.0,22.550018,98.4,1012.22455,0.88046044,141.33487,2.5804912050027187,0.008156606851549755,0.005248684232536878,11.00368507428566,HIGH CONFIDENCE,Very high humidity
Kerala,3,2026-08-30,10.5,76.25,0.0,14.415161290322581,-100.0,22.014557,98.5,1012.5195,0.9625504,142.74321,2.5804912050027187,0.008156606851549755,0.005248684232536878,11.056047312342617,HIGH CONFIDENCE,Very high humidity
Kerala,4,2026-08-31,10.5,76.25,0.0,14.415161290322581,-100.0,21.948853,98.3,1012.38403,0.8881217,132.31854,2.5804912050027187,0.008156606851549755,0.005248684232536878,10.98123915249953,HIGH CONFIDENCE,Very high humidity
Kerala,5,2026-09-01,10.5,76.25,0.0,8.664666666666667,-100.0,22.31186,98.4,1011.54224,0.7626405,114.7684,2.5804912050027187,0.008156606851549755,0.004324445870324093,10.927442225619158,HIGH CONFIDENCE,Very high humidity
Kerala,6,2026-09-02,10.5,76.25,0.0,8.664666666666667,-100.0,22.31134,98.9,1012.27704,0.60343283,105.30517,2.5804912050027187,0.008156606851549755,0.004324445870324093,10.999372878103456,HIGH CONFIDENCE,Very high humidity
Kerala,7,2026-09-03,10.5,76.25,0.0,8.664666666666667,-100.0,22.112122,97.0,1011.75977,1.0002998,135.82314,2.5804912050027187,0.008156606851549755,0.004324445870324093,10.656661281353733,HIGH CONFIDENCE,Very high humidity
Kerala,8,2026-09-04,10.5,76.25,0.0,8.664666666666667,-100.0,22.27304,96.4,1011.00366,0.99988073,126.02993,2.5804912050027187,0.008156606851549755,0.004324445870324093,10.506522024041912,HIGH CONFIDENCE,Very high humidity
Kerala,9,2026-09-05,10.5,76.25,0.0,8.664666666666667,-100.0,22.483795,96.4,1010.2361,0.80345243,111.78744,2.5804912050027187,0.008156606851549755,0.004324445870324093,10.441045925944051,HIGH CONFIDENCE,Very high humidity
Kerala,10,2026-09-06,10.5,76.25,0.75,8.664666666666667,-91.34415634377164,23.169983,97.6,1010.697,0.8219212,116.911606,2.5804912050027187,0.008156606851549755,0.006305623114473466,11.343796825523981,HIGH CONFIDENCE,Very high humidity
Madhya Pradesh,1,2026-08-28,23.5,78.0,0.1875,11.228709677419356,-98.33017323106094,22.350006,92.7,1005.54974,2.9035418,242.68991,27.551712599782494,0.25956135580931666,0.06016897435006005,22.988466093812654,HIGH CONFIDENCE,Frequent historical forecast busts | Very high humidity
Madhya Pradesh,2,2026-08-29,23.5,78.0,0.0,11.228709677419356,-100.0,22.050018,89.2,1005.5726,4.61083,254.81851,27.551712599782494,0.25956135580931666,0.05652570380208933,22.43461216704904,HIGH CONFIDENCE,Frequent historical forecast busts
Madhya Pradesh,3,2026-08-30,23.5,78.0,0.0,11.228709677419356,-100.0,22.41455,84.1,1005.43945,4.9879274,256.36157,27.551712599782494,0.25956135580931666,0.05652570380208933,21.285311774331916,HIGH CONFIDENCE,Frequent historical forecast busts
Madhya Pradesh,4,2026-08-31,23.5,78.0,0.3125,11.228709677419356,-97.21695538510156,22.448853,87.6,1005.80804,6.0638466,257.64056,27.551712599782494,0.25956135580931666,0.06016897435006005,22.835046654450032,HIGH CONFIDENCE,Frequent historical forecast busts
Madhya Pradesh,5,2026-09-01,23.5,78.0,0.0,6.248,-100.0,22.211884,88.6,1005.2123,4.2643805,262.46075,27.551712599782494,0.25956135580931666,0.05344873652773713,22.04605084921958,HIGH CONFIDENCE,Frequent historical forecast busts
Madhya Pradesh,6,2026-09-02,23.5,78.0,0.0,6.248,-100.0,22.411346,87.5,1006.029,3.1534562,256.62848,27.551712599782494,0.25956135580931666,0.05344873652773713,21.400743211468477,HIGH CONFIDENCE,Frequent historical forecast busts
Madhya Pradesh,7,2026-09-03,23.5,78.0,0.6875,6.248,-88.99647887323944,22.212128,93.4,1005.5477,3.256722,267.22964,27.551712599782494,0.25956135580931666,0.05674562833761063,23.674399578816917,HIGH CONFIDENCE,Frequent historical forecast busts | Very high humidity
Madhya Pradesh,8,2026-09-04,23.5,78.0,1.0,6.248,-83.99487836107554,22.373016,94.9,1005.0397,2.6638927,285.94617,27.551712599782494,0.25956135580931666,0.056379059765114356,24.12456304437482,HIGH CONFIDENCE,Frequent historical forecast busts | Very high humidity
Madhya Pradesh,9,2026-09-05,23.5,78.0,6.3125,6.248,1.0323303457106239,23.083801,97.4,1003.8921,3.4478257,308.61615,27.551712599782494,0.25956135580931666,0.28865370739762586,39.18826559064633,MEDIUM CONFIDENCE,Elevated ML bust risk | Frequent historical forecast busts | Very high humidity
Madhya Pradesh,10,2026-09-06,23.5,78.0,0.0,6.248,-100.0,23.369965,94.2,1003.22296,0.89941895,123.16388,27.551712599782494,0.25956135580931666,0.05344873652773713,22.32439678706022,HIGH CONFIDENCE,Frequent historical forecast busts | Very high humidity
Maharashtra,1,2026-08-28,19.75,75.75,0.0,8.886129032258065,-100.0,22.950012,80.2,1008.22375,4.459903,269.97223,30.048766305057093,0.30958854449882184,0.060612288392717976,21.59025148392132,HIGH CONFIDENCE,Frequent historical forecast busts
Maharashtra,2,2026-08-29,19.75,75.75,0.0,8.886129032258065,-100.0,22.75,81.7,1008.28656,3.3316178,258.09158,30.048766305057093,0.30958854449882184,0.060612288392717976,21.58915606230906,HIGH CONFIDENCE,Frequent historical forecast busts
Maharashtra,3,2026-08-30,19.75,75.75,0.0625,8.886129032258065,-99.29665662322576,22.71457,82.8,1008.3714,4.272354,284.97375,30.048766305057093,0.30958854449882184,0.060612288392717976,22.21988306352268,HIGH CONFIDENCE,Frequent historical forecast busts
Maharashtra,4,2026-08-31,19.75,75.75,0.0,8.886129032258065,-100.0,22.348846,83.9,1008.85205,1.770303,250.94608,30.048766305057093,0.30958854449882184,0.060612288392717976,21.61871889509669,HIGH CONFIDENCE,Frequent historical forecast busts
Maharashtra,5,2026-09-01,19.75,75.75,0.0,6.177666666666666,-100.0,22.511871,81.0,1007.77826,3.0733314,254.92139,30.048766305057093,0.30958854449882184,0.04410108941108922,20.667613402498837,HIGH CONFIDENCE,Frequent historical forecast busts
Maharashtra,6,2026-09-02,19.75,75.75,0.0,6.177666666666666,-100.0,23.011322,80.5,1008.681,2.5395584,258.4315,30.048766305057093,0.30958854449882184,0.04410108941108922,20.364689186705228,HIGH CONFIDENCE,Frequent historical forecast busts
Maharashtra,7,2026-09-03,19.75,75.75,0.0,6.177666666666666,-100.0,22.712128,84.4,1007.94775,2.2337928,271.60568,30.048766305057093,0.30958854449882184,0.04410108941108922,21.2377674062978,HIGH CONFIDENCE,Frequent historical forecast busts
Maharashtra,8,2026-09-04,19.75,75.75,0.0,6.177666666666666,-100.0,23.073029,78.8,1007.4037,4.2692904,280.9623,30.048766305057093,0.30958854449882184,0.04410108941108922,20.516267523659344,HIGH CONFIDENCE,Frequent historical forecast busts
Maharashtra,9,2026-09-05,19.75,75.75,0.0625,6.177666666666666,-98.98829115631577,23.38379,79.5,1006.3621,6.1347756,279.87195,30.048766305057093,0.30958854449882184,0.04410108941108922,21.37114563178864,HIGH CONFIDENCE,Frequent historical forecast busts
Maharashtra,10,2026-09-06,19.75,75.75,7.375,6.177666666666666,19.3816435547402,21.569977,96.0,1006.645,4.6091475,250.58636,30.048766305057093,0.30958854449882184,0.32814873414418994,43.141409005113346,MEDIUM CONFIDENCE,Elevated ML bust risk | Frequent historical forecast busts | Very high humidity
Manipur,1,2026-08-28,24.75,94.0,5.375,6.411612903225807,-16.16773998792514,21.75,99.0,1005.1258,0.55355066,257.25043,0.9556966043111527,0.0005623242736644799,0.010358858387945324,15.492453282633601,HIGH CONFIDENCE,Very high humidity
Manipur,2,2026-08-29,24.75,94.0,0.4375,6.411612903225807,-93.17644395250554,20.75,97.9,1006.3886,0.5861812,69.787544,0.9556966043111527,0.0005623242736644799,0.004816647110096201,10.565413733266697,HIGH CONFIDENCE,Very high humidity
Manipur,3,2026-08-30,24.75,94.0,0.0,6.411612903225807,-100.0,20.91455,97.9,1005.7074,0.46280885,101.9873,0.9556966043111527,0.0005623242736644799,0.0030051091078977534,10.05830149154802,HIGH CONFIDENCE,Very high humidity
Manipur,4,2026-08-31,24.75,94.0,4.375,6.411612903225807,-31.764439525055348,21.548859,98.0,1005.4561,0.9992481,99.093636,0.9556966043111527,0.0005623242736644799,0.005763053980108399,14.307697111877507,HIGH CONFIDENCE,Very high humidity
Manipur,5,2026-09-01,24.75,94.0,0.0625,4.307333333333333,-98.54898622504257,20.611877,96.5,1007.87024,1.075332,78.16791,0.9556966043111527,0.0005623242736644799,0.0025870542376038364,9.974260707786112,HIGH CONFIDENCE,Very high humidity
Manipur,6,2026-09-02,24.75,94.0,0.6875,4.307333333333333,-84.0388484754682,19.711334,96.2,1009.24896,0.62390333,62.227234,0.9556966043111527,0.0005623242736644799,0.00463977904526419,10.615969449012768,HIGH CONFIDENCE,Very high humidity
Manipur,7,2026-09-03,24.75,94.0,0.0625,4.307333333333333,-98.54898622504257,19.212128,97.6,1009.40375,0.9346381,48.230736,0.9556966043111527,0.0005623242736644799,0.0025870542376038364,10.202362165255277,HIGH CONFIDENCE,Very high humidity
Manipur,8,2026-09-04,24.75,94.0,0.0625,4.307333333333333,-98.54898622504257,19.173035,96.7,1010.6397,0.7738967,40.1124,0.9556966043111527,0.0005623242736644799,0.0025870542376038364,9.923780882200031,HIGH CONFIDENCE,Very high humidity
Manipur,9,2026-09-05,24.75,94.0,0.0,4.307333333333333,-100.0,20.083801,97.9,1010.95416,0.23394725,270.43768,0.9556966043111527,0.0005623242736644799,0.0025870542376038364,9.965292097691664,HIGH CONFIDENCE,Very high humidity
Manipur,10,2026-09-06,24.75,94.0,0.0,4.307333333333333,-100.0,19.369965,97.9,1011.135,0.53613806,37.034267,0.9556966043111527,0.0005623242736644799,0.0025870542376038364,10.066022369934464,HIGH CONFIDENCE,Very high humidity
Meghalaya,1,2026-08-28,25.5,91.5,1.0625,46.759354838709676,-97.72772741697366,19.149994,98.8,1006.5717,1.3027803,178.23624,2.41540021720061,0.017543859649122806,0.030502017057676068,12.444400819213545,HIGH CONFIDENCE,Very high humidity
Meghalaya,2,2026-08-29,25.5,91.5,0.6875,46.759354838709676,-98.52970597568884,18.25,98.1,1007.6526,0.46041468,92.17494,2.41540021720061,0.017543859649122806,0.030502017057676068,11.936265773821072,HIGH CONFIDENCE,Very high humidity
Meghalaya,3,2026-08-30,25.5,91.5,0.125,46.759354838709676,-99.73267381376161,18.014557,94.4,1006.9914,0.6572984,132.74387,2.41540021720061,0.017543859649122806,0.027068595952338483,10.86103818440451,HIGH CONFIDENCE,Very high humidity
Meghalaya,4,2026-08-31,25.5,91.5,11.625,46.759354838709676,-75.13866467982946,18.848846,98.3,1005.5201,1.1665063,43.076168,2.41540021720061,0.017543859649122806,0.029450814443932192,13.706333892217312,HIGH CONFIDENCE,Very high humidity
Meghalaya,5,2026-09-01,25.5,91.5,4.4375,27.451,-83.8348329751193,17.111877,95.1,1008.14624,3.371196,60.100178,2.41540021720061,0.017543859649122806,0.029948385073080973,13.078212388234553,HIGH CONFIDENCE,Very high humidity
Meghalaya,6,2026-09-02,25.5,91.5,0.875,27.451,-96.81250227678409,17.31134,92.6,1009.377,1.9921244,90.55458,2.41540021720061,0.017543859649122806,0.030344177596556984,11.17458485901036,HIGH CONFIDENCE,Very high humidity
Meghalaya,7,2026-09-03,25.5,91.5,2.375,27.451,-91.3482204655568,17.812103,98.5,1009.6917,1.1238959,118.56559,2.41540021720061,0.017543859649122806,0.0300171069266095,12.698574347098779,HIGH CONFIDENCE,Very high humidity
Meghalaya,8,2026-09-04,25.5,91.5,0.125,27.451,-99.54464318239773,16.77304,99.0,1011.46765,1.5238377,155.63676,2.41540021720061,0.017543859649122806,0.02767099040934805,12.33582200762081,HIGH CONFIDENCE,Very high humidity
Meghalaya,9,2026-09-05,25.5,91.5,0.0625,27.451,-99.77232159119886,15.883789,97.4,1012.5481,1.5577655,152.21918,2.41540021720061,0.017543859649122806,0.0170255473121311,11.506669183808475,HIGH CONFIDENCE,Very high humidity
Meghalaya,10,2026-09-06,25.5,91.5,0.4375,27.451,-98.40625113839204,17.269989,96.2,1012.52295,1.6825614,178.53857,2.41540021720061,0.017543859649122806,0.030921592699518885,11.891977915227608,HIGH CONFIDENCE,Very high humidity
Mizoram,1,2026-08-28,23.25,93.0,2.3125,10.290322580645162,-77.52742946708464,21.25,99.9,1005.7877,0.45392033,185.04317,1.693130155057064,0.0027548209366391185,0.006436550878006387,12.313954424570841,HIGH CONFIDENCE,Very high humidity
Mizoram,2,2026-08-29,23.25,93.0,0.75,10.290322580645162,-92.7115987460815,20.450012,98.3,1005.8505,0.72057664,80.209854,1.693130155057064,0.0027548209366391185,0.006849087726639646,11.096722956911375,HIGH CONFIDENCE,Very high humidity
Mizoram,3,2026-08-30,23.25,93.0,3.9375,10.290322580645162,-61.7358934169279,21.21457,99.8,1005.2114,0.6395395,70.46252,1.693130155057064,0.0027548209366391185,0.011387079989807576,13.508372764319098,HIGH CONFIDENCE,Very high humidity
Mizoram,4,2026-08-31,23.25,93.0,2.4375,10.290322580645162,-76.3126959247649,20.848846,99.3,1003.56006,1.0671715,64.93694,1.693130155057064,0.0027548209366391185,0.006505961977198344,12.444957896345727,HIGH CONFIDENCE,Very high humidity
Mizoram,5,2026-09-01,23.25,93.0,0.0625,9.883333333333333,-99.36762225969645,21.111877,95.1,1005.37225,1.2076031,80.92409,1.693130155057064,0.0027548209366391185,0.003692878061166848,9.928242812852087,HIGH CONFIDENCE,Very high humidity
Mizoram,6,2026-09-02,23.25,93.0,0.0625,9.883333333333333,-99.36762225969645,19.511322,97.4,1007.669,1.1208992,82.78805,1.693130155057064,0.0027548209366391185,0.003692878061166848,10.474343036289039,HIGH CONFIDENCE,Very high humidity
Mizoram,7,2026-09-03,23.25,93.0,1.6875,9.883333333333333,-82.92580101180438,19.712128,99.0,1008.24774,0.8198601,94.71606,1.693130155057064,0.0027548209366391185,0.006430990966187729,11.87892634031877,HIGH CONFIDENCE,Very high humidity
Mizoram,8,2026-09-04,23.25,93.0,0.75,9.883333333333333,-92.4114671163575,19.673035,99.2,1010.3357,0.3904802,95.60495,1.693130155057064,0.0027548209366391185,0.0067900106825211845,11.22588649769008,HIGH CONFIDENCE,Very high humidity
Mizoram,9,2026-09-05,23.25,93.0,0.0,9.883333333333333,-100.0,18.88379,99.6,1011.3081,0.76941586,84.64647,1.693130155057064,0.0027548209366391185,0.003692878061166848,10.868895974856418,HIGH CONFIDENCE,Very high humidity
Mizoram,10,2026-09-06,23.25,93.0,0.3125,9.883333333333333,-96.83811129848229,20.169983,99.1,1011.327,0.63396347,104.80662,1.693130155057064,0.0027548209366391185,0.006585283733506641,11.005865719163547,HIGH CONFIDENCE,Very high humidity
Nagaland,1,2026-08-28,26.25,94.5,7.3125,11.56258064516129,-36.75719785738199,21.050018,98.9,1005.1758,1.0289649,138.62738,2.045200326969416,0.0027803521779425394,0.010321624007116833,15.038087740486839,HIGH CONFIDENCE,Very high humidity
Nagaland,2,2026-08-29,26.25,94.5,1.4375,11.56258064516129,-87.5676542796563,20.75,97.8,1006.10455,0.86833596,120.25214,2.045200326969416,0.0027803521779425394,0.005840524381680706,11.412576005876844,HIGH CONFIDENCE,Very high humidity
Nagaland,3,2026-08-30,26.25,94.5,4.5,11.56258064516129,-61.08135252761968,20.814545,98.9,1005.27545,1.2618974,127.38153,2.045200326969416,0.0027803521779425394,0.007520519028921951,13.5111600092951,HIGH CONFIDENCE,Very high humidity
Nagaland,4,2026-08-31,26.25,94.5,18.375,11.56258064516129,58.91781051221962,20.448853,99.7,1005.408,1.0113314,108.92046,2.045200326969416,0.0027803521779425394,0.023541829281381522,21.631626160041108,HIGH CONFIDENCE,Rainfall forecast well above normal | Very high humidity
Nagaland,5,2026-09-01,26.25,94.5,0.375,8.205666666666668,-95.42998740707641,19.911865,90.3,1008.0683,1.4081571,98.55638,2.045200326969416,0.0027803521779425394,0.005574479321427735,9.215599267417668,HIGH CONFIDENCE,Very high humidity
Nagaland,6,2026-09-02,26.25,94.5,0.125,8.205666666666668,-98.47666246902547,19.611328,85.8,1008.325,1.5794187,123.82874,2.045200326969416,0.0027803521779425394,0.005266603436604545,7.954323794732371,HIGH CONFIDENCE,Weather conditions relatively stable
Nagaland,7,2026-09-03,26.25,94.5,5.6875,8.205666666666668,-30.688142340658903,18.612122,97.5,1008.8758,1.5236155,129.41566,2.045200326969416,0.0027803521779425394,0.010025866409269163,15.079408029268413,HIGH CONFIDENCE,Very high humidity
Nagaland,8,2026-09-04,26.25,94.5,3.5,8.205666666666668,-57.346549132713164,19.173035,98.3,1010.2517,1.2866001,131.83447,2.045200326969416,0.0027803521779425394,0.00994730534128825,13.613092447296667,HIGH CONFIDENCE,Very high humidity
Nagaland,9,2026-09-05,26.25,94.5,1.5,8.205666666666668,-81.71994962830564,19.483795,98.2,1010.6181,1.1429403,137.91338,2.045200326969416,0.0027803521779425394,0.005850429650030899,11.927945636405132,HIGH CONFIDENCE,Very high humidity
Nagaland,10,2026-09-06,26.25,94.5,1.0,8.205666666666668,-87.81329975220376,19.769989,98.2,1010.705,1.1856687,141.8194,2.045200326969416,0.0027803521779425394,0.005743044135915227,11.575797191271821,HIGH CONFIDENCE,Very high humidity
Odisha,1,2026-08-28,20.5,84.5,0.375,11.695483870967742,-96.79363415710503,23.350006,95.4,1003.6658,1.8846278,293.37885,16.919957115230822,0.24591057797164667,0.05375685468585625,19.652518636044835,HIGH CONFIDENCE,Frequent historical forecast busts | Very high humidity
Odisha,2,2026-08-29,20.5,84.5,0.0625,11.695483870967742,-99.46560569285083,23.25,92.9,1003.6345,1.680674,286.6846,16.919957115230822,0.24591057797164667,0.046645567200333464,18.510982046491335,HIGH CONFIDENCE,Frequent historical forecast busts | Very high humidity
Odisha,3,2026-08-30,20.5,84.5,3.875,11.695483870967742,-66.86755295675198,23.114563,97.3,1003.8234,1.855898,298.09045,16.919957115230822,0.24591057797164667,0.06401973970588394,22.366381186359867,HIGH CONFIDENCE,Frequent historical forecast busts | Very high humidity
Odisha,4,2026-08-31,20.5,84.5,0.0625,11.695483870967742,-99.46560569285083,23.148865,91.2,1003.88806,3.0206735,300.47717,16.919957115230822,0.24591057797164667,0.046645567200333464,18.532647356978487,HIGH CONFIDENCE,Frequent historical forecast busts | Very high humidity
Odisha,5,2026-09-01,20.5,84.5,1.8125,8.300333333333333,-78.16352756917394,21.911865,95.9,1003.7562,2.6983943,288.59583,16.919957115230822,0.24591057797164667,0.04512443722331637,20.805793555626998,HIGH CONFIDENCE,Frequent historical forecast busts | Very high humidity
Odisha,6,2026-09-02,20.5,84.5,8.0625,8.300333333333333,-2.865346773221951,22.111328,97.4,1003.753,2.2296264,284.56543,16.919957115230822,0.24591057797164667,0.2820355918507961,34.981110290791676,MEDIUM CONFIDENCE,Elevated ML bust risk | Frequent historical forecast busts | Very high humidity
Odisha,7,2026-09-03,20.5,84.5,0.4375,8.300333333333333,-94.72912734428336,21.812103,93.3,1003.59576,2.4342763,258.20944,16.919957115230822,0.24591057797164667,0.04674573191074512,19.146978440737765,HIGH CONFIDENCE,Frequent historical forecast busts | Very high humidity
Odisha,8,2026-09-04,20.5,84.5,2.0,8.300333333333333,-75.90458214529536,22.073029,96.8,1004.1157,1.3678507,189.73903,16.919957115230822,0.24591057797164667,0.045895380665180334,20.75252058537687,HIGH CONFIDENCE,Frequent historical forecast busts | Very high humidity
Odisha,9,2026-09-05,20.5,84.5,0.0,8.300333333333333,-100.0,22.183807,91.6,1005.96814,0.8312305,198.51361,16.919957115230822,0.24591057797164667,0.03925835875049335,17.574524793794794,HIGH CONFIDENCE,Frequent historical forecast busts | Very high humidity
Odisha,10,2026-09-06,20.5,84.5,0.0,8.300333333333333,-100.0,22.769989,91.1,1007.60297,0.9901127,209.46898,16.919957115230822,0.24591057797164667,0.03925835875049335,17.502485665513618,HIGH CONFIDENCE,Frequent historical forecast busts | Very high humidity
Punjab,1,2026-08-28,31.0,75.25,0.0,5.432903225806452,-100.0,28.149994,63.6,999.17377,2.7627072,144.60728,1.3024239025808797,0.0061795710650672485,0.005848248061784944,2.529833362050667,HIGH CONFIDENCE,Weather conditions relatively stable
Punjab,2,2026-08-29,31.0,75.25,0.0,5.432903225806452,-100.0,29.350006,42.7,998.44653,3.0174885,243.47717,1.3024239025808797,0.0061795710650672485,0.005848248061784944,1.714760799505129,HIGH CONFIDENCE,Weather conditions relatively stable
Punjab,3,2026-08-30,31.0,75.25,0.0,5.432903225806452,-100.0,29.114563,40.0,998.30743,2.5060906,208.7991,1.3024239025808797,0.0061795710650672485,0.005848248061784944,1.5442948682087805,HIGH CONFIDENCE,Weather conditions relatively stable
Punjab,4,2026-08-31,31.0,75.25,0.0,5.432903225806452,-100.0,30.448853,37.7,998.71204,2.3333242,188.46088,1.3024239025808797,0.0061795710650672485,0.005848248061784944,1.486706071146145,HIGH CONFIDENCE,Weather conditions relatively stable
Punjab,5,2026-09-01,31.0,75.25,0.875,3.4073333333333333,-74.32009391508511,26.011871,71.7,999.05225,3.4835393,182.7563,1.3024239025808797,0.0061795710650672485,0.01063582118514131,6.31016507570721,HIGH CONFIDENCE,Weather conditions relatively stable
Punjab,6,2026-09-02,31.0,75.25,0.0,3.4073333333333333,-100.0,24.011322,94.4,1003.637,5.013536,114.50254,1.3024239025808797,0.0061795710650672485,0.005843910406165651,10.9799367261064,HIGH CONFIDENCE,Very high humidity
Punjab,7,2026-09-03,31.0,75.25,11.4375,3.4073333333333333,235.6730581099589,23.91211,96.2,1004.5798,5.7772937,30.211363,1.3024239025808797,0.0061795710650672485,0.12596999209568882,33.79027557325033,MEDIUM CONFIDENCE,Rainfall forecast well above normal | Very high humidity
Punjab,8,2026-09-04,31.0,75.25,2.6875,3.4073333333333333,-21.126002739189982,25.073029,88.6,1003.0597,2.6243978,57.712677,1.3024239025808797,0.0061795710650672485,0.02342155667832042,13.501856911447824,HIGH CONFIDENCE,Weather conditions relatively stable
Punjab,9,2026-09-05,31.0,75.25,0.0,3.4073333333333333,-100.0,25.183807,91.5,1003.8021,3.7568877,140.96518,1.3024239025808797,0.0061795710650672485,0.005843910406165651,9.836054302467103,HIGH CONFIDENCE,Very high humidity
Punjab,10,2026-09-06,31.0,75.25,0.0,3.4073333333333333,-100.0,24.769989,89.9,1004.113,2.5796652,130.11134,1.3024239025808797,0.0061795710650672485,0.005843910406165651,9.043646871758694,HIGH CONFIDENCE,Weather conditions relatively stable
Rajasthan,1,2026-08-28,27.0,74.25,0.0,4.940967741935484,-100.0,26.850006,63.7,1002.6577,6.7215185,231.63148,15.533199285350781,0.1906579425663395,0.0406432863551842,11.625864099538559,HIGH CONFIDENCE,Weather conditions relatively stable
Rajasthan,2,2026-08-29,27.0,74.25,0.0,4.940967741935484,-100.0,26.350006,70.3,1002.8066,7.329202,231.55055,15.533199285350781,0.1906579425663395,0.0406432863551842,13.478426191783182,HIGH CONFIDENCE,Weather conditions relatively stable
Rajasthan,3,2026-08-30,27.0,74.25,0.0,4.940967741935484,-100.0,25.814545,77.3,1002.2034,7.597286,227.56676,15.533199285350781,0.1906579425663395,0.0406432863551842,15.317787159061663,HIGH CONFIDENCE,Weather conditions relatively stable
Rajasthan,4,2026-08-31,27.0,74.25,0.0,4.940967741935484,-100.0,25.24887,78.6,1002.48804,7.1545067,229.16797,15.533199285350781,0.1906579425663395,0.0406432863551842,15.49519311991953,HIGH CONFIDENCE,Weather conditions relatively stable
Rajasthan,5,2026-09-01,27.0,74.25,0.0,2.2936666666666667,-100.0,25.411865,74.5,1001.9363,6.4713902,231.82764,15.533199285350781,0.1906579425663395,0.03134815434092336,13.870682794304678,HIGH CONFIDENCE,Weather conditions relatively stable
Rajasthan,6,2026-09-02,27.0,74.25,0.0,2.2936666666666667,-100.0,24.911346,73.5,1004.03296,4.014657,224.38124,15.533199285350781,0.1906579425663395,0.03134815434092336,12.801771651657411,HIGH CONFIDENCE,Weather conditions relatively stable
Rajasthan,7,2026-09-03,27.0,74.25,0.0,2.2936666666666667,-100.0,25.612122,73.3,1003.9158,4.1373544,225.93529,15.533199285350781,0.1906579425663395,0.03134815434092336,12.792671326251813,HIGH CONFIDENCE,Weather conditions relatively stable
Rajasthan,8,2026-09-04,27.0,74.25,0.1875,2.2936666666666667,-91.82531608777794,27.373016,65.4,1003.66766,3.7858372,240.08353,15.533199285350781,0.1906579425663395,0.03589165521640349,11.261754840324535,HIGH CONFIDENCE,Weather conditions relatively stable
Rajasthan,9,2026-09-05,27.0,74.25,0.5625,2.2936666666666667,-75.47594826333382,27.183807,71.0,1004.1161,1.8753922,185.01501,15.533199285350781,0.1906579425663395,0.038951256290744904,12.906356179945899,HIGH CONFIDENCE,Weather conditions relatively stable
Rajasthan,10,2026-09-06,27.0,74.25,3.0,2.2936666666666667,30.794942595552964,26.869965,69.2,1003.89294,1.7653189,209.79143,15.533199285350781,0.1906579425663395,0.3321072445924546,29.079614833693384,HIGH CONFIDENCE,Elevated ML bust risk
Sikkim,1,2026-08-28,27.5,88.5,0.375,16.570967741935483,-97.73700603465058,15.550018,89.0,1008.74774,0.94153255,347.1184,6.19020548782261,0.08796801163213377,0.04888533651328376,12.505116701762667,HIGH CONFIDENCE,Weather conditions relatively stable
Sikkim,2,2026-08-29,27.5,88.5,9.1875,16.570967741935483,-44.556647848939065,15.950012,96.2,1008.4586,0.30665213,319.3124,6.19020548782261,0.08796801163213377,0.2068159734351559,23.75429740826311,HIGH CONFIDENCE,Elevated ML bust risk | Very high humidity
Sikkim,3,2026-08-30,27.5,88.5,0.0625,16.570967741935483,-99.62283433910842,16.21457,79.9,1008.51544,0.7054547,349.60535,6.19020548782261,0.08796801163213377,0.03614795072174028,9.523361698399624,HIGH CONFIDENCE,Weather conditions relatively stable
Sikkim,4,2026-08-31,27.5,88.5,1.75,16.570967741935483,-89.43936149503602,15.948853,87.6,1007.4801,1.6824703,1.2495211,6.19020548782261,0.08796801163213377,0.0518541416986204,13.042541348304363,HIGH CONFIDENCE,Weather conditions relatively stable
Sikkim,5,2026-09-01,27.5,88.5,0.625,12.236666666666666,-94.89239989103785,15.111877,94.6,1010.33026,0.33821604,312.96017,6.19020548782261,0.08796801163213377,0.04377086708309923,13.671933528650444,HIGH CONFIDENCE,Very high humidity
Sikkim,6,2026-09-02,27.5,88.5,0.125,12.236666666666666,-98.97847997820757,14.511322,91.4,1011.845,0.7540819,19.525272,6.19020548782261,0.08796801163213377,0.03746645228394258,12.50655376594079,HIGH CONFIDENCE,Very high humidity
Sikkim,7,2026-09-03,27.5,88.5,0.125,12.236666666666666,-98.97847997820757,14.412109,83.0,1011.1917,1.3269191,349.012,6.19020548782261,0.08796801163213377,0.03746645228394258,10.597499345983689,HIGH CONFIDENCE,Weather conditions relatively stable
Sikkim,8,2026-09-04,27.5,88.5,0.625,12.236666666666666,-94.89239989103785,14.473022,95.6,1013.2317,0.23019809,344.53384,6.19020548782261,0.08796801163213377,0.04377086708309923,13.885928050996627,HIGH CONFIDENCE,Very high humidity
Sikkim,9,2026-09-05,27.5,88.5,0.125,12.236666666666666,-98.97847997820757,14.983795,96.5,1013.42413,0.23828994,178.54285,6.19020548782261,0.08796801163213377,0.03746645228394258,13.609623090685655,HIGH CONFIDENCE,Very high humidity
Sikkim,10,2026-09-06,27.5,88.5,1.8125,12.236666666666666,-85.18795968400981,15.069977,94.6,1013.637,0.38090757,352.8989,6.19020548782261,0.08796801163213377,0.043026346065701354,14.25446932816431,HIGH CONFIDENCE,Very high humidity
Tamil Nadu,1,2026-08-28,11.0,78.75,0.0,2.9319354838709675,-100.0,25.950012,73.3,1009.10175,5.582735,271.82547,9.888111297625521,0.15787565705999637,0.02943567136604716,11.079187998299256,HIGH CONFIDENCE,Weather conditions relatively stable
Tamil Nadu,2,2026-08-29,11.0,78.75,0.0,2.9319354838709675,-100.0,25.550018,73.8,1008.83453,5.8313103,268.7474,9.888111297625521,0.15787565705999637,0.02943567136604716,11.287046530966416,HIGH CONFIDENCE,Weather conditions relatively stable
Tamil Nadu,3,2026-08-30,11.0,78.75,0.0,2.9319354838709675,-100.0,25.314545,71.3,1009.77545,5.381624,267.69843,9.888111297625521,0.15787565705999637,0.02943567136604716,10.512151131157532,HIGH CONFIDENCE,Weather conditions relatively stable
Tamil Nadu,4,2026-08-31,11.0,78.75,0.0,2.9319354838709675,-100.0,24.948853,72.8,1009.4561,5.0386586,272.63986,9.888111297625521,0.15787565705999637,0.02943567136604716,10.77282925111498,HIGH CONFIDENCE,Weather conditions relatively stable
Tamil Nadu,5,2026-09-01,11.0,78.75,0.0,3.723,-100.0,25.411865,72.5,1008.8342,4.6215096,263.04636,9.888111297625521,0.15787565705999637,0.029749352453106646,10.571325877528352,HIGH CONFIDENCE,Weather conditions relatively stable
Tamil Nadu,6,2026-09-02,11.0,78.75,0.0,3.723,-100.0,25.711334,71.0,1009.79297,4.688481,269.15332,9.888111297625521,0.15787565705999637,0.029749352453106646,10.218649757872981,HIGH CONFIDENCE,Weather conditions relatively stable
Tamil Nadu,7,2026-09-03,11.0,78.75,0.0,3.723,-100.0,26.012115,67.2,1009.26373,4.3263597,272.28632,9.888111297625521,0.15787565705999637,0.029749352453106646,9.14794181458251,HIGH CONFIDENCE,Weather conditions relatively stable
Tamil Nadu,8,2026-09-04,11.0,78.75,0.0,3.723,-100.0,26.073029,68.1,1008.6997,4.6215725,262.43872,9.888111297625521,0.15787565705999637,0.029749352453106646,9.471346558849973,HIGH CONFIDENCE,Weather conditions relatively stable
Tamil Nadu,9,2026-09-05,11.0,78.75,0.0,3.723,-100.0,26.583801,65.9,1008.2121,4.0886836,259.02777,9.888111297625521,0.15787565705999637,0.029749352453106646,8.743717549215717,HIGH CONFIDENCE,Weather conditions relatively stable
Tamil Nadu,10,2026-09-06,11.0,78.75,1.25,3.723,-66.42492613483749,26.769989,69.3,1008.519,4.860862,263.2419,9.888111297625521,0.15787565705999637,0.039789223393386974,12.017120864771394,HIGH CONFIDENCE,Weather conditions relatively stable
Telangana,1,2026-08-28,18.0,79.0,0.0,7.0277419354838715,-100.0,22.950012,81.8,1007.90173,4.0697117,278.0205,8.328073398945838,0.12995274445656124,0.03585467003141259,12.182441845013674,HIGH CONFIDENCE,Weather conditions relatively stable
Telangana,2,2026-08-29,18.0,79.0,0.375,7.0277419354838715,-94.66400440649959,23.649994,79.8,1008.0566,5.5404043,283.38458,8.328073398945838,0.12995274445656124,0.04859167295372581,12.993572649907485,HIGH CONFIDENCE,Weather conditions relatively stable
Telangana,3,2026-08-30,18.0,79.0,0.0625,7.0277419354838715,-99.11066740108326,22.814545,80.1,1008.09143,6.24118,283.94324,8.328073398945838,0.12995274445656124,0.03585467003141259,12.533166371996638,HIGH CONFIDENCE,Weather conditions relatively stable
Telangana,4,2026-08-31,18.0,79.0,0.125,7.0277419354838715,-98.22133480216652,23.048859,76.6,1008.27203,6.7014537,285.95465,8.328073398945838,0.12995274445656124,0.04402414592947018,12.190273806605054,HIGH CONFIDENCE,Weather conditions relatively stable
Telangana,5,2026-09-01,18.0,79.0,0.0625,5.713333333333333,-98.90606767794633,22.711884,77.0,1007.77826,4.691089,284.70114,8.328073398945838,0.12995274445656124,0.03486034934287727,11.211859384995845,HIGH CONFIDENCE,Weather conditions relatively stable
Telangana,6,2026-09-02,18.0,79.0,0.0,5.713333333333333,-100.0,23.31134,78.2,1008.169,3.9441495,273.208,8.328073398945838,0.12995274445656124,0.03486034934287727,11.200813091405623,HIGH CONFIDENCE,Weather conditions relatively stable
Telangana,7,2026-09-03,18.0,79.0,1.5625,5.713333333333333,-72.6516919486581,23.012115,82.0,1007.88776,4.9638534,283.18924,8.328073398945838,0.12995274445656124,0.04759917922697358,14.55190735139331,HIGH CONFIDENCE,Weather conditions relatively stable
Telangana,8,2026-09-04,18.0,79.0,1.375,5.713333333333333,-75.93348891481914,22.573029,88.0,1007.2037,3.2913873,270.0324,8.328073398945838,0.12995274445656124,0.047287805408820945,15.295766793398268,HIGH CONFIDENCE,Weather conditions relatively stable
Telangana,9,2026-09-05,18.0,79.0,0.375,5.713333333333333,-93.43640606767795,22.88379,84.8,1006.60815,4.8398066,267.1788,8.328073398945838,0.12995274445656124,0.04801887206266634,14.048101036873318,HIGH CONFIDENCE,Weather conditions relatively stable
Telangana,10,2026-09-06,18.0,79.0,0.0,5.713333333333333,-100.0,22.069977,85.2,1007.617,3.6589544,246.96008,8.328073398945838,0.12995274445656124,0.03486034934287727,12.855748253920071,HIGH CONFIDENCE,Weather conditions relatively stable
Tripura,1,2026-08-28,24.0,92.0,0.0,11.388064516129031,-100.0,24.450012,98.5,1003.1858,1.2598056,170.39992,3.91802238303821,0.03895619757688723,0.019833350193228717,12.47085866287702,HIGH CONFIDENCE,Very high humidity
Tripura,2,2026-08-29,24.0,92.0,6.875,11.388064516129031,-39.629776506245925,24.149994,99.8,1003.5745,0.60834736,112.97676,3.91802238303821,0.03895619757688723,0.0511710550776038,17.532012935401358,HIGH CONFIDENCE,Very high humidity
Tripura,3,2026-08-30,24.0,92.0,10.125,11.388064516129031,-11.09112540010763,24.41455,99.6,1002.85944,0.7988001,137.20206,3.91802238303821,0.03895619757688723,0.07386591589872622,20.202286081271073,HIGH CONFIDENCE,Very high humidity
Tripura,4,2026-08-31,24.0,92.0,25.625,11.388064516129031,125.01628756762884,24.148865,99.8,1001.64404,1.0273505,30.841646,3.91802238303821,0.03895619757688723,0.6199013706045239,50.51125080302648,MEDIUM CONFIDENCE,Very high ML bust risk | Rainfall forecast well above normal | Very high humidity
Tripura,5,2026-09-01,24.0,92.0,7.5,8.63,-13.093858632676717,24.511871,99.8,1002.4842,0.4373578,169.1291,3.91802238303821,0.03895619757688723,0.07346595427246314,19.859122629356627,HIGH CONFIDENCE,Very high humidity
Tripura,6,2026-09-02,24.0,92.0,3.625,8.63,-57.995365005793744,24.011322,99.5,1005.089,0.74037,61.72486,3.91802238303821,0.03895619757688723,0.053278927495811604,16.395055966199866,HIGH CONFIDENCE,Very high humidity
Tripura,7,2026-09-03,24.0,92.0,0.1875,8.63,-97.82734646581692,22.812103,96.8,1006.05975,0.57366323,72.490685,3.91802238303821,0.03895619757688723,0.032062777932404044,12.436125380597945,HIGH CONFIDENCE,Very high humidity
Tripura,8,2026-09-04,24.0,92.0,0.0,8.63,-100.0,23.373016,87.5,1008.2757,0.5214389,118.41609,3.91802238303821,0.03895619757688723,0.01992488781703353,9.478398366858928,HIGH CONFIDENCE,Weather conditions relatively stable
Tripura,9,2026-09-05,24.0,92.0,0.0,8.63,-100.0,22.983795,96.5,1008.89014,0.82560724,146.46866,3.91802238303821,0.03895619757688723,0.01992488781703353,11.829787901164709,HIGH CONFIDENCE,Very high humidity
Tripura,10,2026-09-06,24.0,92.0,0.0,8.63,-100.0,23.169983,99.1,1009.20294,1.0528425,166.10057,3.91802238303821,0.03895619757688723,0.01992488781703353,12.55553279866439,HIGH CONFIDENCE,Very high humidity
Uttar Pradesh,1,2026-08-28,26.75,81.0,13.0,9.516774193548388,36.60090841298894,26.050018,93.6,1001.3298,1.8717066,267.48407,15.931851860431395,0.20989668297988037,0.45267063661101387,42.52502055701102,MEDIUM CONFIDENCE,Elevated ML bust risk | Frequent historical forecast busts | Very high humidity
Uttar Pradesh,2,2026-08-29,26.75,81.0,0.0,9.516774193548388,-100.0,26.649994,79.4,1000.0186,4.358279,255.00726,15.931851860431395,0.20989668297988037,0.03907398971671803,15.019209714127976,HIGH CONFIDENCE,Frequent historical forecast busts
Uttar Pradesh,3,2026-08-30,26.75,81.0,4.125,9.516774193548388,-56.655480984340045,26.114563,92.1,1001.2514,4.5703874,206.89273,15.931851860431395,0.20989668297988037,0.1472998158707869,25.208814561361503,HIGH CONFIDENCE,Frequent historical forecast busts | Very high humidity
Uttar Pradesh,4,2026-08-31,26.75,81.0,1.375,9.516774193548388,-85.55182699478001,25.148865,89.9,1001.2801,4.690721,245.06003,15.931851860431395,0.20989668297988037,0.046153202450348846,18.909815534637218,HIGH CONFIDENCE,Frequent historical forecast busts
Uttar Pradesh,5,2026-09-01,26.75,81.0,3.5,5.9286666666666665,-40.96480377825256,24.411865,92.0,1002.04626,2.8216767,213.99155,15.931851860431395,0.20989668297988037,0.16186069471958275,25.93612839532352,HIGH CONFIDENCE,Frequent historical forecast busts | Very high humidity
Uttar Pradesh,6,2026-09-02,26.75,81.0,0.5625,5.9286666666666665,-90.51220060721916,24.611328,95.2,1004.569,1.7709051,66.33863,15.931851860431395,0.20989668297988037,0.048065740735806696,19.0076500049449,HIGH CONFIDENCE,Frequent historical forecast busts | Very high humidity
Uttar Pradesh,7,2026-09-03,26.75,81.0,4.9375,5.9286666666666665,-16.71820533003486,25.312103,92.3,1003.67975,1.6742992,72.531525,15.931851860431395,0.20989668297988037,0.25204478934574126,30.619175994418292,MEDIUM CONFIDENCE,Elevated ML bust risk | Frequent historical forecast busts | Very high humidity
Uttar Pradesh,8,2026-09-04,26.75,81.0,3.375,5.9286666666666665,-43.07320364331497,26.173035,90.3,1003.5397,2.801718,87.30238,15.931851860431395,0.20989668297988037,0.1632938670223203,25.44152928694033,HIGH CONFIDENCE,Frequent historical forecast busts | Very high humidity
Uttar Pradesh,9,2026-09-05,26.75,81.0,1.0,5.9286666666666665,-83.13280107950072,25.483795,92.7,1004.3201,3.5829194,71.92256,15.931851860431395,0.20989668297988037,0.04693496808335943,19.362380846716107,HIGH CONFIDENCE,Frequent historical forecast busts | Very high humidity
Uttar Pradesh,10,2026-09-06,26.75,81.0,0.0625,5.9286666666666665,-98.9458000674688,25.269989,91.8,1004.405,2.8098047,106.58479,15.931851860431395,0.20989668297988037,0.03986254280190637,17.69473091312475,HIGH CONFIDENCE,Frequent historical forecast busts | Very high humidity
Uttarakhand,1,2026-08-28,30.0,79.25,0.0,13.630322580645162,-100.0,16.450012,94.5,1006.6658,0.94783694,0.0059032207,3.378796251042233,0.03407649084647453,0.020814212238039646,11.186232434859985,HIGH CONFIDENCE,Very high humidity
Uttarakhand,2,2026-08-29,30.0,79.25,0.3125,13.630322580645162,-97.70731765039996,17.350006,94.9,1004.7805,1.5369151,331.64563,3.378796251042233,0.03407649084647453,0.030380641200404655,12.007648259188228,HIGH CONFIDENCE,Very high humidity
Uttarakhand,3,2026-08-30,30.0,79.25,0.0,13.630322580645162,-100.0,17.314545,91.6,1005.27545,0.95687884,304.6378,3.378796251042233,0.03407649084647453,0.020814212238039646,10.464246052591616,HIGH CONFIDENCE,Very high humidity
Uttarakhand,4,2026-08-31,30.0,79.25,0.0625,13.630322580645162,-99.54146353008,17.648865,92.7,1005.62805,0.6164451,353.1699,3.378796251042233,0.03407649084647453,0.020814212238039646,10.654247993905216,HIGH CONFIDENCE,Very high humidity
Uttarakhand,5,2026-09-01,30.0,79.25,0.25,6.866333333333333,-96.35904655565804,17.511871,93.2,1005.27423,0.4868693,312.75055,3.378796251042233,0.03407649084647453,0.029574922240568114,11.269878071819898,HIGH CONFIDENCE,Very high humidity
Uttarakhand,6,2026-09-02,30.0,79.25,4.9375,6.866333333333333,-28.091169474246325,16.611328,98.2,1009.18896,0.8361269,103.78857,3.378796251042233,0.03407649084647453,0.05565668457793359,17.65219326382236,HIGH CONFIDENCE,Very high humidity
Uttarakhand,7,2026-09-03,30.0,79.25,0.25,6.866333333333333,-96.35904655565804,16.612122,94.1,1008.8117,0.68522555,52.977615,3.378796251042233,0.03407649084647453,0.029574922240568114,11.56099688922381,HIGH CONFIDENCE,Very high humidity
Uttarakhand,8,2026-09-04,30.0,79.25,0.625,6.866333333333333,-90.89761638914511,15.673035,95.3,1009.4957,0.6188079,79.58535,3.378796251042233,0.03407649084647453,0.03441537772592669,12.35028657932445,HIGH CONFIDENCE,Very high humidity
Uttarakhand,9,2026-09-05,30.0,79.25,4.5625,6.866333333333333,-33.55259964075926,15.083801,97.1,1011.0221,0.67045027,343.18582,3.378796251042233,0.03407649084647453,0.05225856136346507,16.868233276082638,HIGH CONFIDENCE,Very high humidity
Uttarakhand,10,2026-09-06,30.0,79.25,1.75,6.866333333333333,-74.51332588960629,15.269989,93.0,1011.187,0.28738874,14.696869,3.378796251042233,0.03407649084647453,0.03267148528201511,12.548488016735334,HIGH CONFIDENCE,Very high humidity
West Bengal,1,2026-08-28,23.0,88.0,0.25,11.217096774193548,-97.7712593103845,27.550018,87.8,1000.57776,2.142394,156.33015,8.711039865500274,0.14962638964825953,0.04545456040434537,13.878654780663263,HIGH CONFIDENCE,Weather conditions relatively stable
West Bengal,2,2026-08-29,23.0,88.0,0.9375,11.217096774193548,-91.64222241394185,27.050018,94.9,1000.81256,2.053987,103.155396,8.711039865500274,0.14962638964825953,0.04535992986860392,15.995558032481267,HIGH CONFIDENCE,Very high humidity
West Bengal,3,2026-08-30,23.0,88.0,0.125,11.217096774193548,-98.88562965519225,26.814545,94.2,1000.62744,1.095365,93.98501,8.711039865500274,0.14962638964825953,0.04599438356316772,15.083026367664287,HIGH CONFIDENCE,Very high humidity
West Bengal,4,2026-08-31,23.0,88.0,0.5625,11.217096774193548,-94.98533344836511,26.348846,92.7,999.7361,4.765455,321.55,8.711039865500274,0.14962638964825953,0.047005494381983454,16.21057094521477,HIGH CONFIDENCE,Very high humidity
West Bengal,5,2026-09-01,23.0,88.0,3.3125,9.975666666666667,-66.79419921809738,26.411865,91.1,1000.70026,1.9191167,77.343445,8.711039865500274,0.14962638964825953,0.05035913899302879,16.701016942258963,HIGH CONFIDENCE,Very high humidity
West Bengal,6,2026-09-02,23.0,88.0,0.125,9.975666666666667,-98.74695091389046,25.511322,94.7,1000.361,6.203501,79.12196,8.711039865500274,0.14962638964825953,0.04583369364216329,16.912025818458588,HIGH CONFIDENCE,Very high humidity
West Bengal,7,2026-09-03,23.0,88.0,0.1875,9.975666666666667,-98.1204263708357,25.41211,91.2,1002.33575,2.750995,119.805626,8.711039865500274,0.14962638964825953,0.04529387048334093,14.902560349047045,HIGH CONFIDENCE,Very high humidity
West Bengal,8,2026-09-04,23.0,88.0,0.0625,9.975666666666667,-99.37347545694524,24.77304,91.8,1004.7717,2.3358026,129.25833,8.711039865500274,0.14962638964825953,0.03598924258222676,14.466054026610333,HIGH CONFIDENCE,Very high humidity
West Bengal,9,2026-09-05,23.0,88.0,0.1875,9.975666666666667,-98.1204263708357,25.183807,93.0,1005.8021,2.6559556,127.53725,8.711039865500274,0.14962638964825953,0.04529387048334093,15.32088139229999,HIGH CONFIDENCE,Very high humidity
West Bengal,10,2026-09-06,23.0,88.0,0.0,9.975666666666667,-100.0,25.46997,94.5,1007.055,2.6148608,166.44398,8.711039865500274,0.14962638964825953,0.03598924258222676,15.196109355314109,HIGH CONFIDENCE,Very high humidity
Delhi,1,2026-08-28,28.5,77.25,0.0,7.877419354838709,-100.0,30.149994,52.7,999.8898,3.131259,268.31335,1.6814547459653315,0.01852958756724447,0.022163391229229484,2.6490410821245973,HIGH CONFIDENCE,Weather conditions relatively stable
Delhi,2,2026-08-29,28.5,77.25,0.0,7.877419354838709,-100.0,31.450012,44.8,999.3226,5.415303,278.2016,1.6814547459653315,0.01852958756724447,0.022163391229229484,3.4103892774986093,HIGH CONFIDENCE,Weather conditions relatively stable
Delhi,3,2026-08-30,28.5,77.25,0.0,7.877419354838709,-100.0,31.114563,48.8,999.42346,4.4497037,264.2459,1.6814547459653315,0.01852958756724447,0.022163391229229484,3.088522798727638,HIGH CONFIDENCE,Weather conditions relatively stable
Delhi,4,2026-08-31,28.5,77.25,0.0,7.877419354838709,-100.0,30.948853,49.1,1000.012,4.4687696,279.8188,1.6814547459653315,0.01852958756724447,0.022163391229229484,3.094877957712299,HIGH CONFIDENCE,Weather conditions relatively stable
Delhi,5,2026-09-01,28.5,77.25,0.0,4.276666666666666,-100.0,30.211884,52.2,1000.0442,4.855057,273.1938,1.6814547459653315,0.01852958756724447,0.019377779718394342,3.112216014403308,HIGH CONFIDENCE,Weather conditions relatively stable
Delhi,6,2026-09-02,28.5,77.25,0.125,4.276666666666666,-97.07716289945441,25.911346,86.0,1003.989,2.8725917,105.94789,1.6814547459653315,0.01852958756724447,0.03080942500456743,9.56658786993926,HIGH CONFIDENCE,Weather conditions relatively stable
Delhi,7,2026-09-03,28.5,77.25,0.125,4.276666666666666,-97.07716289945441,26.812103,81.6,1003.41974,2.5524628,125.91978,1.6814547459653315,0.01852958756724447,0.03080942500456743,8.35987814601963,HIGH CONFIDENCE,Weather conditions relatively stable
Delhi,8,2026-09-04,28.5,77.25,0.0,4.276666666666666,-100.0,29.173035,69.5,1002.9597,2.4920497,150.46118,1.6814547459653315,0.01852958756724447,0.019377779718394342,4.699546936887706,HIGH CONFIDENCE,Weather conditions relatively stable
Delhi,9,2026-09-05,28.5,77.25,0.0,4.276666666666666,-100.0,27.583801,81.9,1004.47815,2.8670955,134.18254,1.6814547459653315,0.01852958756724447,0.019377779718394342,7.924562506365978,HIGH CONFIDENCE,Weather conditions relatively stable
Delhi,10,2026-09-06,28.5,77.25,0.0625,4.276666666666666,-98.5385814497272,28.069977,77.0,1004.067,3.473072,109.54688,1.6814547459653315,0.01852958756724447,0.019377779718394342,6.980518383195817,HIGH CONFIDENCE,Weather conditions relatively stable
Jammu and Kashmir,1,2026-08-28,33.75,76.5,0.0,1.87,-100.0,3.4500122,76.3,1015.22577,1.5955901,339.84024,0.387357,0.12271720686779213,0.014005506048368517,6.517148976439839,HIGH CONFIDENCE,Weather conditions relatively stable
Jammu and Kashmir,2,2026-08-29,33.75,76.5,0.0,1.87,-100.0,4.950012,76.4,1014.40454,1.4435574,330.99698,0.387357,0.12271720686779213,0.014005506048368517,6.491471109206086,HIGH CONFIDENCE,Weather conditions relatively stable
Jammu and Kashmir,3,2026-08-30,33.75,76.5,0.0625,1.87,-96.65775401069519,4.514557,85.2,1015.2074,1.6208978,288.48355,0.387357,0.12271720686779213,0.014005506048368517,8.89576346817641,HIGH CONFIDENCE,Weather conditions relatively stable
Jammu and Kashmir,4,2026-08-31,33.75,76.5,0.25,1.87,-86.63101604278076,4.5488586,83.9,1014.392,1.6751248,267.33356,0.387357,0.12271720686779213,0.023705606404423357,9.41238405091149,HIGH CONFIDENCE,Weather conditions relatively stable
Jammu and Kashmir,5,2026-09-01,33.75,76.5,0.5625,1.87,-69.91978609625669,5.311859,80.2,1012.01025,1.7063025,249.4301,0.387357,0.12271720686779213,0.029211569890287687,9.4439145315551,HIGH CONFIDENCE,Weather conditions relatively stable
Jammu and Kashmir,6,2026-09-02,33.75,76.5,0.8125,1.87,-56.55080213903744,3.011322,94.7,1015.421,1.9400243,267.36224,0.387357,0.12271720686779213,0.061165229481747345,15.00568813266295,HIGH CONFIDENCE,Very high humidity
Jammu and Kashmir,7,2026-09-03,33.75,76.5,0.125,1.87,-93.31550802139037,2.4121094,79.1,1015.0717,2.0922492,264.586,0.387357,0.12271720686779213,0.02288080940677773,8.028072986571889,HIGH CONFIDENCE,Weather conditions relatively stable
Jammu and Kashmir,8,2026-09-04,33.75,76.5,0.0,1.87,-100.0,0.37301636,78.3,1018.2317,1.7307454,261.42242,0.387357,0.12271720686779213,0.013966517300440868,7.060641120439054,HIGH CONFIDENCE,Weather conditions relatively stable
Jammu and Kashmir,9,2026-09-05,33.75,76.5,0.0,1.87,-100.0,-0.51620483,62.4,1020.5181,1.834174,251.95331,0.387357,0.12271720686779213,0.013966517300440868,3.1201170061432135,HIGH CONFIDENCE,Weather conditions relatively stable
Jammu and Kashmir,10,2026-09-06,33.75,76.5,0.0,1.87,-100.0,-1.6300354,80.2,1021.885,1.9207982,236.7909,0.387357,0.12271720686779213,0.013966517300440868,7.598990784277798,HIGH CONFIDENCE,Weather conditions relatively stable
Ladakh,1,2026-08-28,34.25,77.5,0.0,1.87,-100.0,7.75,34.8,1012.72174,3.8179421,14.4095125,0.387357,0.12271720686779213,0.014005506048368517,3.182932156363731,HIGH CONFIDENCE,Weather conditions relatively stable
Ladakh,2,2026-08-29,34.25,77.5,0.0,1.87,-100.0,9.450012,32.9,1011.0666,3.3836758,13.329045,0.387357,0.12271720686779213,0.014005506048368517,3.038176688591247,HIGH CONFIDENCE,Weather conditions relatively stable
Ladakh,3,2026-08-30,34.25,77.5,0.0,1.87,-100.0,9.814545,42.4,1010.14343,3.8346105,11.777928,0.387357,0.12271720686779213,0.014005506048368517,3.188488240579372,HIGH CONFIDENCE,Weather conditions relatively stable
Ladakh,4,2026-08-31,34.25,77.5,0.0,1.87,-100.0,10.448853,40.5,1009.072,3.1674027,12.521075,0.387357,0.12271720686779213,0.014005506048368517,2.9660857089257293,HIGH CONFIDENCE,Weather conditions relatively stable
Ladakh,5,2026-09-01,34.25,77.5,0.8125,1.87,-56.55080213903744,8.511871,68.2,1009.3502,1.4275752,154.59346,0.387357,0.12271720686779213,0.061165229481747345,8.209871776346741,HIGH CONFIDENCE,Weather conditions relatively stable
Ladakh,6,2026-09-02,34.25,77.5,2.75,1.87,47.05882352941176,5.9113464,83.5,1012.673,3.2070374,30.58996,0.387357,0.12271720686779213,0.17296657160201476,21.600660987149016,HIGH CONFIDENCE,Weather conditions relatively stable
Ladakh,7,2026-09-03,34.25,77.5,0.625,1.87,-66.57754010695187,6.7121277,68.4,1010.4558,2.5166695,266.87018,0.387357,0.12271720686779213,0.03131985055158548,6.993548984334589,HIGH CONFIDENCE,Weather conditions relatively stable
Ladakh,8,2026-09-04,34.25,77.5,0.5,1.87,-73.2620320855615,5.8730164,68.1,1012.56366,2.686881,263.84384,0.387357,0.12271720686779213,0.029214818753185674,6.600724150856008,HIGH CONFIDENCE,Weather conditions relatively stable
Ladakh,9,2026-09-05,34.25,77.5,0.0,1.87,-100.0,5.383789,46.6,1014.14014,2.6233327,274.84982,0.387357,0.12271720686779213,0.013966517300440868,2.7831695277892363,HIGH CONFIDENCE,Weather conditions relatively stable
Ladakh,10,2026-09-06,34.25,77.5,0.0,1.87,-100.0,4.569977,55.600002,1015.299,2.3438559,274.35507,0.387357,0.12271720686779213,0.013966517300440868,2.690010541369797,HIGH CONFIDENCE,Weather conditions relatively stable
Puducherry,1,2026-08-28,12.0,79.75,0.0,3.2903225806451615,-100.0,28.350006,58.9,1007.8717,6.1323442,260.5944,3.9834439029285273,0.04955969690763875,0.01414269455907799,4.369202911410387,HIGH CONFIDENCE,Weather conditions relatively stable
Puducherry,2,2026-08-29,12.0,79.75,0.0,3.2903225806451615,-100.0,28.450012,53.2,1007.9486,6.1022153,268.42734,3.9834439029285273,0.04955969690763875,0.01414269455907799,4.359159901294763,HIGH CONFIDENCE,Weather conditions relatively stable
Puducherry,3,2026-08-30,12.0,79.75,0.0,3.2903225806451615,-100.0,28.314545,51.0,1008.62744,6.301342,267.9435,3.9834439029285273,0.04955969690763875,0.01414269455907799,4.425535447452123,HIGH CONFIDENCE,Weather conditions relatively stable
Puducherry,4,2026-08-31,12.0,79.75,0.0,3.2903225806451615,-100.0,27.948853,50.6,1008.348,5.5450115,276.12946,3.9834439029285273,0.04955969690763875,0.01414269455907799,4.173425308916624,HIGH CONFIDENCE,Weather conditions relatively stable
Puducherry,5,2026-09-01,12.0,79.75,0.0,3.723333333333333,-100.0,27.31186,54.7,1007.6702,3.537334,254.42944,3.9834439029285273,0.04955969690763875,0.015620899899157692,3.563327565275177,HIGH CONFIDENCE,Weather conditions relatively stable
Puducherry,6,2026-09-02,12.0,79.75,0.0,3.723333333333333,-100.0,27.81134,52.2,1008.989,4.4215517,261.9487,3.9834439029285273,0.04955969690763875,0.015620899899157692,3.858066945754036,HIGH CONFIDENCE,Weather conditions relatively stable
Puducherry,7,2026-09-03,12.0,79.75,0.125,3.723333333333333,-96.64279319606088,27.612122,56.7,1008.3477,3.5016162,262.65918,3.9834439029285273,0.04955969690763875,0.026245496384340792,4.1528346586647755,HIGH CONFIDENCE,Weather conditions relatively stable
Puducherry,8,2026-09-04,12.0,79.75,0.125,3.723333333333333,-96.64279319606088,27.77304,60.0,1007.6757,3.783156,203.5472,3.9834439029285273,0.04955969690763875,0.026245496384340792,4.2466812405410534,HIGH CONFIDENCE,Weather conditions relatively stable
Puducherry,9,2026-09-05,12.0,79.75,0.1875,3.723333333333333,-94.96418979409131,27.183807,75.0,1007.2861,3.3874114,208.45396,3.9834439029285273,0.04955969690763875,0.0285531886920331,8.045288761841206,HIGH CONFIDENCE,Weather conditions relatively stable
Puducherry,10,2026-09-06,12.0,79.75,0.3125,3.723333333333333,-91.6069829901522,26.96997,76.4,1007.825,4.986688,191.18246,3.9834439029285273,0.04955969690763875,0.03384419398303839,9.316450780230475,HIGH CONFIDENCE,Weather conditions relatively stable
Chandigarh,1,2026-08-28,30.75,76.75,0.0,9.3,-100.0,26.75,68.9,1000.3658,2.585957,116.70603,2.86348107295812,0.04244836081106689,0.025123860242646106,5.4248891921991245,HIGH CONFIDENCE,Weather conditions relatively stable
Chandigarh,2,2026-08-29,30.75,76.75,0.0,9.3,-100.0,27.550018,62.5,999.4006,1.8736051,114.853424,2.86348107295812,0.04244836081106689,0.025123860242646106,3.587438134690536,HIGH CONFIDENCE,Weather conditions relatively stable
Chandigarh,3,2026-08-30,30.75,76.75,0.0,9.3,-100.0,27.71457,65.7,999.52344,3.0203528,127.91839,2.86348107295812,0.04244836081106689,0.025123860242646106,4.769686624621762,HIGH CONFIDENCE,Weather conditions relatively stable
Chandigarh,4,2026-08-31,30.75,76.75,0.0,9.3,-100.0,28.448853,71.0,999.90405,4.142438,153.83424,2.86348107295812,0.04244836081106689,0.025123860242646106,6.468715906357183,HIGH CONFIDENCE,Weather conditions relatively stable
Chandigarh,5,2026-09-01,30.75,76.75,0.1875,5.166666666666667,-96.37096774193549,28.111877,72.4,999.7483,1.293684,151.74203,2.86348107295812,0.04244836081106689,0.1642084517044393,11.635217771882871,HIGH CONFIDENCE,Weather conditions relatively stable
Chandigarh,6,2026-09-02,30.75,76.75,5.3125,5.166666666666667,2.8225806451612843,23.81134,89.1,1004.849,4.6054926,145.14522,2.86348107295812,0.04244836081106689,0.23071381249692072,25.11490816724352,HIGH CONFIDENCE,Elevated ML bust risk
Chandigarh,7,2026-09-03,30.75,76.75,0.125,5.166666666666667,-97.58064516129032,24.212128,86.8,1003.8398,2.973252,125.28326,2.86348107295812,0.04244836081106689,0.1642084517044393,15.727506838529825,HIGH CONFIDENCE,Weather conditions relatively stable
Chandigarh,8,2026-09-04,30.75,76.75,0.625,5.166666666666667,-87.90322580645162,25.173035,75.0,1003.5557,1.9750572,109.77259,2.86348107295812,0.04244836081106689,0.1643352854350094,12.990388351464377,HIGH CONFIDENCE,Weather conditions relatively stable
Chandigarh,9,2026-09-05,30.75,76.75,1.9375,5.166666666666667,-62.5,23.683807,89.3,1005.33417,2.757218,132.0916,2.86348107295812,0.04244836081106689,0.1604036771164801,18.087764018764886,HIGH CONFIDENCE,Weather conditions relatively stable
Chandigarh,10,2026-09-06,30.75,76.75,0.0,5.166666666666667,-100.0,24.569977,86.2,1005.30896,1.9124825,120.199905,2.86348107295812,0.04244836081106689,0.024034918281650008,9.481838685583854,HIGH CONFIDENCE,Weather conditions relatively stable
Dadra and Nagar Haveli and Daman and Diu,1,2026-08-28,20.25,73.0,0.75,1.87,-59.89304812834225,24.850006,85.7,1007.7658,3.9149756,237.17583,0.387357,0.12271720686779213,0.04313651985775953,12.547676685032929,HIGH CONFIDENCE,Weather conditions relatively stable
Dadra and Nagar Haveli and Daman and Diu,2,2026-08-29,20.25,73.0,0.875,1.87,-53.20855614973262,24.950012,89.2,1007.87054,4.4644394,233.30942,0.387357,0.12271720686779213,0.06244152788952615,14.668391605936174,HIGH CONFIDENCE,Weather conditions relatively stable
Dadra and Nagar Haveli and Daman and Diu,3,2026-08-30,20.25,73.0,0.625,1.87,-66.57754010695187,25.014557,87.1,1008.0114,4.06308,228.80347,0.387357,0.12271720686779213,0.03141681789205926,12.187897468203603,HIGH CONFIDENCE,Weather conditions relatively stable
Dadra and Nagar Haveli and Daman and Diu,4,2026-08-31,20.25,73.0,0.875,1.87,-53.20855614973262,24.74887,89.0,1008.09607,4.0385804,224.5524,0.387357,0.12271720686779213,0.06244152788952615,14.476439969711189,HIGH CONFIDENCE,Weather conditions relatively stable
Dadra and Nagar Haveli and Daman and Diu,5,2026-09-01,20.25,73.0,1.1875,1.87,-36.49732620320856,24.711884,89.6,1006.89825,3.9411767,222.20288,0.387357,0.12271720686779213,0.06399507464630423,15.382012909265397,HIGH CONFIDENCE,Weather conditions relatively stable
Dadra and Nagar Haveli and Daman and Diu,6,2026-09-02,20.25,73.0,1.125,1.87,-39.83957219251337,24.81134,90.9,1007.193,3.4106402,219.03424,0.387357,0.12271720686779213,0.06393067896975001,15.382412599202317,HIGH CONFIDENCE,Very high humidity
Dadra and Nagar Haveli and Daman and Diu,7,2026-09-03,20.25,73.0,1.75,1.87,-6.417112299465246,24.712128,90.7,1006.68774,3.295357,234.2051,0.387357,0.12271720686779213,0.10130211352694292,18.240641694111872,HIGH CONFIDENCE,Very high humidity
Dadra and Nagar Haveli and Daman and Diu,8,2026-09-04,20.25,73.0,3.625,1.87,93.85026737967912,23.973022,92.8,1006.5517,2.0682576,213.82748,0.387357,0.12271720686779213,0.22211869142050034,27.544673747143268,HIGH CONFIDENCE,Elevated ML bust risk | Rainfall forecast well above normal | Very high humidity
Dadra and Nagar Haveli and Daman and Diu,9,2026-09-05,20.25,73.0,0.1875,1.87,-89.97326203208557,23.783783,91.3,1006.3181,1.9491787,169.7734,0.387357,0.12271720686779213,0.02294141340343465,11.177988738374198,HIGH CONFIDENCE,Very high humidity
Dadra and Nagar Haveli and Daman and Diu,10,2026-09-06,20.25,73.0,0.625,1.87,-66.57754010695187,23.46997,95.7,1006.40295,2.1099868,163.39677,0.387357,0.12271720686779213,0.03131985055158548,13.682986835644364,HIGH CONFIDENCE,Very high humidity
Andaman and Nicobar Islands,1,2026-08-28,11.75,92.75,1.8125,1.87,-3.0748663101604334,26.950012,84.7,1009.26776,8.622738,232.05501,0.387357,0.12271720686779213,0.1063120097421505,18.862011144424695,HIGH CONFIDENCE,Weather conditions relatively stable
Andaman and Nicobar Islands,2,2026-08-29,11.75,92.75,0.75,1.87,-59.89304812834225,26.850006,85.4,1009.22455,8.462418,233.12991,0.387357,0.12271720686779213,0.04313651985775953,13.988492592004622,HIGH CONFIDENCE,Weather conditions relatively stable
Andaman and Nicobar Islands,3,2026-08-30,11.75,92.75,1.75,1.87,-6.417112299465246,26.71457,85.2,1009.07947,8.979588,233.38196,0.387357,0.12271720686779213,0.10563315652218537,18.933626882534003,HIGH CONFIDENCE,Weather conditions relatively stable
Andaman and Nicobar Islands,4,2026-08-31,11.75,92.75,0.75,1.87,-59.89304812834225,26.74887,84.6,1008.5201,8.350646,235.51607,0.387357,0.12271720686779213,0.04313651985775953,13.75123369577297,HIGH CONFIDENCE,Weather conditions relatively stable
Andaman and Nicobar Islands,5,2026-09-01,11.75,92.75,0.75,1.87,-59.89304812834225,26.81186,84.4,1008.9462,8.204443,232.3682,0.387357,0.12271720686779213,0.04417603079814694,13.694080529434153,HIGH CONFIDENCE,Weather conditions relatively stable
Andaman and Nicobar Islands,6,2026-09-02,11.75,92.75,3.0,1.87,60.427807486631,26.81134,84.6,1010.38104,7.33397,236.67415,0.387357,0.12271720686779213,0.18323928841845027,24.242933380812275,HIGH CONFIDENCE,Rainfall forecast well above normal
Andaman and Nicobar Islands,7,2026-09-03,11.75,92.75,2.75,1.87,47.05882352941176,26.812103,83.2,1010.3717,6.5649137,241.74896,0.387357,0.12271720686779213,0.17296657160201476,22.644952524404065,HIGH CONFIDENCE,Weather conditions relatively stable
Andaman and Nicobar Islands,8,2026-09-04,11.75,92.75,2.0,1.87,6.951871657754005,26.473022,81.5,1010.1397,4.507454,248.41595,0.387357,0.12271720686779213,0.11014538049057364,17.27912571220871,HIGH CONFIDENCE,Weather conditions relatively stable
Andaman and Nicobar Islands,9,2026-09-05,11.75,92.75,2.3125,1.87,23.663101604278065,26.88379,81.6,1009.98016,4.320477,257.86526,0.387357,0.12271720686779213,0.14323803837093016,19.291405666098974,HIGH CONFIDENCE,Weather conditions relatively stable
Andaman and Nicobar Islands,10,2026-09-06,11.75,92.75,2.875,1.87,53.74331550802138,26.769989,81.2,1010.051,4.1070886,269.97192,0.387357,0.12271720686779213,0.17901898982708506,21.85813396911235,HIGH CONFIDENCE,Rainfall forecast well above normal
Lakshadweep,1,2026-08-28,10.5,72.5,0.0,1.87,-100.0,27.950012,77.5,1011.66376,6.6284466,291.672,0.387357,0.12271720686779213,0.014005506048368517,8.494766875395781,HIGH CONFIDENCE,Weather conditions relatively stable
Lakshadweep,2,2026-08-29,10.5,72.5,0.0,1.87,-100.0,27.850006,75.2,1012.01654,6.1455293,291.7024,0.387357,0.12271720686779213,0.014005506048368517,7.758794053683286,HIGH CONFIDENCE,Weather conditions relatively stable
Lakshadweep,3,2026-08-30,10.5,72.5,0.0,1.87,-100.0,27.71457,74.9,1012.10345,5.7296033,284.49277,0.387357,0.12271720686779213,0.014005506048368517,7.545153125414854,HIGH CONFIDENCE,Weather conditions relatively stable
Lakshadweep,4,2026-08-31,10.5,72.5,0.0625,1.87,-96.65775401069519,27.448853,77.4,1011.9761,5.343694,277.8741,0.387357,0.12271720686779213,0.014005506048368517,8.186696602210686,HIGH CONFIDENCE,Weather conditions relatively stable
Lakshadweep,5,2026-09-01,10.5,72.5,0.0,1.87,-100.0,27.611877,75.4,1011.1783,4.8603415,275.55505,0.387357,0.12271720686779213,0.013966517300440868,7.378839818080546,HIGH CONFIDENCE,Weather conditions relatively stable
Lakshadweep,6,2026-09-02,10.5,72.5,0.0,1.87,-100.0,27.911346,75.7,1011.729,5.6199517,268.47787,0.387357,0.12271720686779213,0.013966517300440868,7.707041804929854,HIGH CONFIDENCE,Weather conditions relatively stable
Lakshadweep,7,2026-09-03,10.5,72.5,1.0,1.87,-46.524064171122994,27.812103,75.5,1010.97577,5.97602,271.84683,0.387357,0.12271720686779213,0.06154131665646772,12.001604219851583,HIGH CONFIDENCE,Weather conditions relatively stable
Lakshadweep,8,2026-09-04,10.5,72.5,0.1875,1.87,-89.97326203208557,27.673035,76.3,1010.5557,4.6269636,283.9043,0.387357,0.12271720686779213,0.02294141340343465,8.320583092601384,HIGH CONFIDENCE,Weather conditions relatively stable
Lakshadweep,9,2026-09-05,10.5,72.5,0.1875,1.87,-89.97326203208557,27.683807,75.6,1010.0221,4.5868387,307.80762,0.387357,0.12271720686779213,0.02294141340343465,8.132207176269377,HIGH CONFIDENCE,Weather conditions relatively stable
Lakshadweep,10,2026-09-06,10.5,72.5,0.0,1.87,-100.0,27.869965,75.5,1010.43896,5.23613,301.6556,0.387357,0.12271720686779213,0.013966517300440868,7.529102009972216,HIGH CONFIDENCE,Weather conditions relatively stable
