state_name,grid_latitude,grid_longitude,latitude,longitude,valid_time,lead_day,u10,v10,wind_speed,wind_direction,temperature_C,r2,pressure_hPa,tp,month,rfs,normal,deviation,previous_error_mean,previous_bust_rate,bust_probability,stress_score,confidence
Andhra Pradesh,16.0,79.75,16.0,79.75,2026-08-28,1,3.7199023,-0.5578369,3.7614963,278.52853,28.450012,57.3,1006.79376,0.0,8,0.0,4.18258064516129,-100.0,11.705369518022097,0.18945843144357907,0.023941988354495004,8.049321983251739,HIGH
Andhra Pradesh,16.0,79.75,16.0,79.75,2026-08-29,2,5.129917,-1.3625269,5.3077803,284.87457,29.149994,53.6,1006.6605,0.0,8,0.0,4.18258064516129,-100.0,11.705369518022097,0.18945843144357907,0.023941988354495004,8.564749982450175,HIGH
Andhra Pradesh,16.0,79.75,16.0,79.75,2026-08-30,3,6.0772834,-1.1238769,6.1803293,280.4774,29.014557,54.2,1007.0634,0.0,8,0.0,4.18258064516129,-100.0,11.705369518022097,0.18945843144357907,0.023941988354495004,8.85559978732841,HIGH
Andhra Pradesh,16.0,79.75,16.0,79.75,2026-08-31,4,5.503311,-1.2920703,5.652953,283.21265,27.948853,55.8,1007.18805,0.0,8,0.0,4.18258064516129,-100.0,11.705369518022097,0.18945843144357907,0.023941988354495004,8.679807622227836,HIGH
Andhra Pradesh,16.0,79.75,16.0,79.75,2026-09-01,5,4.377516,-1.6104907,4.6643677,290.1986,28.611877,53.7,1006.6683,0.0,9,0.0,4.978666666666667,-100.0,11.705369518022097,0.18945843144357907,0.02464472947159165,8.378388797319367,HIGH
Andhra Pradesh,16.0,79.75,16.0,79.75,2026-09-02,6,4.377969,-0.4407178,4.400096,275.74844,28.81134,53.7,1007.385,0.0,9,0.0,4.978666666666667,-100.0,11.705369518022097,0.18945843144357907,0.02464472947159165,8.290298161483243,HIGH
Andhra Pradesh,16.0,79.75,16.0,79.75,2026-09-03,7,1.9529157,-0.42259276,1.9981152,282.21002,27.91211,59.2,1007.0398,0.0625,9,0.0625,4.978666666666667,-98.74464381360471,11.705369518022097,0.18945843144357907,0.02464472947159165,7.559330147984395,HIGH
Andhra Pradesh,16.0,79.75,16.0,79.75,2026-09-04,8,3.3113868,-0.14186218,3.314424,272.4531,27.873016,63.3,1006.4317,0.75,9,0.75,4.978666666666667,-84.93572576325657,11.705369518022097,0.18945843144357907,0.028246611772785837,9.733789506454613,HIGH
Andhra Pradesh,16.0,79.75,16.0,79.75,2026-09-05,9,-0.22605957,0.10821289,0.25062513,115.580055,27.283783,67.5,1006.2921,0.25,9,0.25,4.978666666666667,-94.97857525441886,11.705369518022097,0.18945843144357907,0.02776894456002751,9.185878843600152,HIGH
Andhra Pradesh,16.0,79.75,16.0,79.75,2026-09-06,10,0.59708804,-1.7679858,1.866089,341.33905,27.169983,69.7,1006.905,0.0625,9,0.0625,4.978666666666667,-98.74464381360471,11.705369518022097,0.18945843144357907,0.02464472947159165,9.940320571246513,HIGH
Arunachal Pradesh,28.25,94.75,28.25,94.75,2026-08-28,1,-0.12009766,-0.13783692,0.18281811,41.06572,22.350006,99.3,1004.47577,9.5,8,9.5,13.14774193548387,-27.74424652828892,11.76075078645173,0.21282376381090382,0.14559630185933772,26.27648078464246,HIGH
Arunachal Pradesh,28.25,94.75,28.25,94.75,2026-08-29,2,0.08991699,-0.20252685,0.22159015,336.05994,22.149994,98.7,1005.96655,4.0,8,4.0,13.14774193548387,-69.57652485401638,11.76075078645173,0.21282376381090382,0.035294206282213296,19.13562173538847,HIGH
Arunachal Pradesh,28.25,94.75,28.25,94.75,2026-08-30,3,0.2772833,-0.45387694,0.53187436,328.57834,22.114563,98.1,1004.97943,3.0,8,3.0,13.14774193548387,-77.18239364051229,11.76075078645173,0.21282376381090382,0.03591469849962963,18.64265295005912,HIGH
Arunachal Pradesh,28.25,94.75,28.25,94.75,2026-08-31,4,-0.026688842,-0.3120703,0.31320947,4.888149,20.848846,98.5,1006.8041,2.0625,8,2.0625,13.14774193548387,-84.3128956278522,11.76075078645173,0.21282376381090382,0.032470889904866754,18.090245168520134,HIGH
Arunachal Pradesh,28.25,94.75,28.25,94.75,2026-09-01,5,0.9175159,-1.2204907,1.526903,323.0656,20.111877,94.7,1010.3602,0.5625,9,0.5625,12.682333333333334,-95.56469629668568,11.76075078645173,0.21282376381090382,0.037977961315444564,17.067281641757994,HIGH
Arunachal Pradesh,28.25,94.75,28.25,94.75,2026-09-02,6,0.31796876,-0.5507178,0.63592,329.99908,19.511322,81.6,1008.88104,0.0,9,0.0,12.682333333333334,-100.0,11.76075078645173,0.21282376381090382,0.028271795065726756,12.832965005146235,HIGH
Arunachal Pradesh,28.25,94.75,28.25,94.75,2026-09-03,7,0.032915648,-0.55259275,0.5535722,356.59116,19.612122,86.0,1009.11975,0.0,9,0.0,12.682333333333334,-100.0,11.76075078645173,0.21282376381090382,0.028271795065726756,13.905515733132034,HIGH
Arunachal Pradesh,28.25,94.75,28.25,94.75,2026-09-04,8,0.07138672,-0.36186218,0.3688364,348.8402,19.77304,92.5,1009.9957,0.0625,9,0.0625,12.682333333333334,-99.50718847740953,11.76075078645173,0.21282376381090382,0.028271795065726756,15.499390719432931,HIGH
Arunachal Pradesh,28.25,94.75,28.25,94.75,2026-09-05,9,-0.08605957,-0.07178711,0.11206979,50.16662,20.583801,97.6,1010.1381,2.0,9,2.0,12.682333333333334,-84.23003127710463,11.76075078645173,0.21282376381090382,0.03511897920141444,17.906728210511535,HIGH
Arunachal Pradesh,28.25,94.75,28.25,94.75,2026-09-06,10,-0.13291198,-0.17798585,0.22213635,36.750748,20.769989,98.9,1010.02295,1.1875,9,1.1875,12.682333333333334,-90.63658107078088,11.76075078645173,0.21282376381090382,0.0359285029928928,17.904911399801424,HIGH
Assam,26.25,93.0,26.25,93.0,2026-08-28,1,-0.21009766,1.272163,1.2893951,170.62224,24.550018,99.4,1002.6677,11.25,8,11.25,10.89,3.3057851239669365,8.890315702771238,0.15848578156131135,0.21384257053590555,29.72109095314066,HIGH
Assam,26.25,93.0,26.25,93.0,2026-08-29,2,0.129917,-0.07252686,0.14879036,299.17267,24.550018,95.8,1004.0326,0.375,8,0.375,10.89,-96.55647382920111,8.890315702771238,0.15848578156131135,0.037231227637386455,15.278875075862647,HIGH
Assam,26.25,93.0,26.25,93.0,2026-08-30,3,-0.15271668,0.50612307,0.52866143,163.20943,24.514557,99.0,1002.8834,8.4375,8,8.4375,10.89,-22.520661157024797,8.890315702771238,0.15848578156131135,0.13377688558607967,24.587930024852078,HIGH
Assam,26.25,93.0,26.25,93.0,2026-08-31,4,-0.98668885,0.3479297,1.0462362,109.42384,24.348846,98.8,1002.892,9.5,8,9.5,10.89,-12.764003673094587,8.890315702771238,0.15848578156131135,0.18421318705058154,27.32364636569754,HIGH
Assam,26.25,93.0,26.25,93.0,2026-09-01,5,-0.41248414,0.14950928,0.4387439,109.923584,23.411865,95.5,1005.60626,0.0,9,0.0,8.961666666666666,-100.0,8.890315702771238,0.15848578156131135,0.021676647032716833,14.468081031298283,HIGH
Assam,26.25,93.0,26.25,93.0,2026-09-02,6,-0.50203127,0.019282227,0.5024014,92.199554,22.911346,93.2,1006.065,0.3125,9,0.3125,8.961666666666666,-96.51292542309838,8.890315702771238,0.15848578156131135,0.034614016484697994,14.640929951310468,HIGH
Assam,26.25,93.0,26.25,93.0,2026-09-03,7,-0.90708435,0.047407225,0.90832233,92.99174,22.812103,97.6,1006.5277,1.6875,9,1.6875,8.961666666666666,-81.16979728473126,8.890315702771238,0.15848578156131135,0.03514081461410041,16.817502926886302,HIGH
Assam,26.25,93.0,26.25,93.0,2026-09-04,8,-0.8086133,-0.011862183,0.8087003,89.15954,23.27304,97.2,1007.9757,4.1875,9,4.1875,8.961666666666666,-53.27320066951832,8.890315702771238,0.15848578156131135,0.10318795750667306,21.079261249619403,HIGH
Assam,26.25,93.0,26.25,93.0,2026-09-05,9,-1.0160595,0.5182129,1.1405795,117.02258,23.483795,97.3,1008.4981,5.0,9,5.0,8.961666666666666,-44.20680676957411,8.890315702771238,0.15848578156131135,0.10774956291291339,21.941104040196652,HIGH
Assam,26.25,93.0,26.25,93.0,2026-09-06,10,-0.792912,0.39201415,0.884525,116.30769,23.669983,97.6,1008.431,3.9375,9,3.9375,8.961666666666666,-56.06286033103961,8.890315702771238,0.15848578156131135,0.10085951117106967,20.9440904687529,HIGH
Bihar,26.0,85.25,26.0,85.25,2026-08-28,1,3.5799024,-0.3278369,3.5948822,275.2324,29.950012,75.5,1000.1817,0.125,8,0.125,9.530645161290323,-98.68844136063632,6.641394846404637,0.10523455895671074,0.034058834629439566,9.804435571769512,HIGH
Bihar,26.0,85.25,26.0,85.25,2026-08-29,2,-0.410083,1.8174732,1.8631631,167.28506,27.350006,91.8,1000.27655,17.6875,8,17.6875,9.530645161290323,85.58554746996107,6.641394846404637,0.10523455895671074,0.3787892992549191,38.2097593976422,MEDIUM
Bihar,26.0,85.25,26.0,85.25,2026-08-30,3,-1.8527167,0.24612305,1.8689932,97.56711,26.21457,91.5,1001.6914,0.0,8,0.0,9.530645161290323,-100.0,6.641394846404637,0.10523455895671074,0.02423819902776972,12.757180335823879,HIGH
Bihar,26.0,85.25,26.0,85.25,2026-08-31,4,2.803311,0.7879297,2.9119387,254.30087,25.148865,93.4,1000.9761,0.0625,8,0.0625,9.530645161290323,-99.34422068031816,6.641394846404637,0.10523455895671074,0.02423819902776972,13.619395755071048,HIGH
Bihar,26.0,85.25,26.0,85.25,2026-09-01,5,-2.542484,0.48950928,2.5891783,100.89791,26.011871,92.8,1002.47424,6.8125,9,6.8125,7.508666666666667,-9.271508479090826,6.641394846404637,0.10523455895671074,0.167237363599692,24.379903862207495,HIGH
Bihar,26.0,85.25,26.0,85.25,2026-09-02,6,-2.6420312,-1.3907177,2.9857035,62.238483,25.111328,86.7,1003.781,1.125,9,1.125,7.508666666666667,-85.01731332682235,6.641394846404637,0.10523455895671074,0.031591625754948165,13.105006655912874,HIGH
Bihar,26.0,85.25,26.0,85.25,2026-09-03,7,-3.7270844,-1.1025928,3.8867555,73.520065,26.41211,89.1,1002.8117,1.5625,9,1.5625,7.508666666666667,-79.19071295391991,6.641394846404637,0.10523455895671074,0.031679105681820634,14.351644761815423,HIGH
Bihar,26.0,85.25,26.0,85.25,2026-09-04,8,-5.5386133,0.60813785,5.5719,96.26595,25.373016,92.6,1004.2517,0.0,9,0.0,7.508666666666667,-100.0,6.641394846404637,0.10523455895671074,0.020567491206762215,14.119652875178007,HIGH
Bihar,26.0,85.25,26.0,85.25,2026-09-05,9,-4.9860597,0.11821289,4.9874606,91.35815,25.88379,89.6,1004.97815,0.0,9,0.0,7.508666666666667,-100.0,6.641394846404637,0.10523455895671074,0.020567491206762215,13.174839906804708,HIGH
Bihar,26.0,85.25,26.0,85.25,2026-09-06,10,-2.552912,0.22201416,2.5625474,94.97022,26.069977,89.8,1005.819,4.1875,9,4.1875,7.508666666666667,-44.23111071650537,6.641394846404637,0.10523455895671074,0.09375034948334977,18.624819798532577,HIGH
Chhattisgarh,21.25,82.0,21.25,82.0,2026-08-28,1,3.5799024,1.0421631,3.7285125,253.76894,23.350006,93.6,1004.65375,0.0,8,0.0,11.814838709677419,-100.0,12.539272670530702,0.19597898931353017,0.024351378488760872,16.800828186188124,HIGH
Chhattisgarh,21.25,82.0,21.25,82.0,2026-08-29,2,3.769917,0.21747315,3.7761846,266.6985,24.450012,88.9,1004.42053,0.4375,8,0.4375,11.814838709677419,-96.29702943264348,12.539272670530702,0.19597898931353017,0.035207504035601446,16.30356476453518,HIGH
Chhattisgarh,21.25,82.0,21.25,82.0,2026-08-30,3,3.4572833,1.4761231,3.7592216,246.87946,23.814545,94.3,1004.83545,1.3125,8,1.3125,11.814838709677419,-88.89108829793044,12.539272670530702,0.19597898931353017,0.03073746825863473,17.924310958745597,HIGH
Chhattisgarh,21.25,82.0,21.25,82.0,2026-08-31,4,3.4433112,0.4279297,3.4698005,262.9157,23.448853,92.3,1004.752,2.0625,8,2.0625,11.814838709677419,-82.54313875389067,12.539272670530702,0.19597898931353017,0.03001161141655296,17.688976188182444,HIGH
Chhattisgarh,21.25,82.0,21.25,82.0,2026-09-01,5,2.957516,1.2895093,3.226412,246.44228,22.711884,90.1,1004.6602,0.0,9,0.0,7.513,-100.0,12.539272670530702,0.19597898931353017,0.02156901348346597,15.647166068028179,HIGH
Chhattisgarh,21.25,82.0,21.25,82.0,2026-09-02,6,2.8579688,0.21928222,2.8663688,265.6125,22.511322,96.2,1005.769,1.75,9,1.75,7.513,-76.70704112871024,12.539272670530702,0.19597898931353017,0.029945160657172103,18.75765030741623,HIGH
Chhattisgarh,21.25,82.0,21.25,82.0,2026-09-03,7,5.062916,1.2074072,5.2048965,256.5866,22.112122,97.1,1003.65173,5.9375,9,5.9375,7.513,-20.97031811526687,12.539272670530702,0.19597898931353017,0.19596861177501895,29.682396680525503,HIGH
Chhattisgarh,21.25,82.0,21.25,82.0,2026-09-04,8,6.071387,1.1181378,6.173489,259.56506,22.373016,98.3,1002.47174,77.5,9,77.5,7.513,931.5453214428323,12.539272670530702,0.19597898931353017,0.9878415651519858,77.3304290126107,LOW
Chhattisgarh,21.25,82.0,21.25,82.0,2026-09-05,9,1.1139405,3.878213,4.0350213,196.02568,22.38379,95.3,1003.9881,0.9375,9,0.9375,7.513,-87.52162917609478,12.539272670530702,0.19597898931353017,0.029425572836374415,18.265137248652874,HIGH
Chhattisgarh,21.25,82.0,21.25,82.0,2026-09-06,10,0.057088014,2.862014,2.8625834,181.14272,21.869965,95.9,1006.781,0.0,9,0.0,7.513,-100.0,12.539272670530702,0.19597898931353017,0.02156901348346597,16.975891249548162,HIGH
Goa,15.25,74.0,15.25,74.0,2026-08-28,1,2.0699024,0.012163086,2.0699382,269.66333,24.25,88.4,1010.71576,2.5625,8,2.5625,18.496774193548386,-86.14623299616323,8.598139396486143,0.149067197971382,0.06461708376449679,15.638031555751153,HIGH
Goa,15.25,74.0,15.25,74.0,2026-08-29,2,2.439917,0.07747314,2.4411469,268.18134,24.350006,85.4,1011.0086,2.5,8,2.5,18.496774193548386,-86.48412975235438,8.598139396486143,0.149067197971382,0.062495871643284684,14.905548945218406,HIGH
Goa,15.25,74.0,15.25,74.0,2026-08-30,3,2.1972833,-0.14387695,2.2019887,273.74634,24.014557,88.2,1011.10345,2.3125,8,2.3125,18.496774193548386,-87.49782002092779,8.598139396486143,0.149067197971382,0.058681056828469864,15.309122271156145,HIGH
Goa,15.25,74.0,15.25,74.0,2026-08-31,4,2.2133112,0.1679297,2.2196727,265.66113,24.048859,87.8,1011.2961,1.625,8,1.625,18.496774193548386,-91.21468433903036,8.598139396486143,0.149067197971382,0.058477353124766165,14.971788360224913,HIGH
Goa,15.25,74.0,15.25,74.0,2026-09-01,5,2.1575158,0.31950927,2.1810458,261.57623,23.611877,90.8,1010.2123,2.875,9,2.875,9.5,-69.73684210526315,8.598139396486143,0.149067197971382,0.11210176671757784,19.12363949552155,HIGH
Goa,15.25,74.0,15.25,74.0,2026-09-02,6,2.1679688,0.37928224,2.200896,260.07663,23.611328,89.6,1010.95294,3.0625,9,3.0625,9.5,-67.76315789473685,8.598139396486143,0.149067197971382,0.19632546157413025,22.318249485111387,HIGH
Goa,15.25,74.0,15.25,74.0,2026-09-03,7,1.7329156,0.64740723,1.8499007,249.51462,24.212128,88.6,1010.16376,2.3125,9,2.3125,9.5,-75.6578947368421,8.598139396486143,0.149067197971382,0.039769221303742594,15.21281121363308,HIGH
Goa,15.25,74.0,15.25,74.0,2026-09-04,8,2.3213868,0.79813784,2.454763,251.02603,24.27304,88.0,1009.4877,2.375,9,2.375,9.5,-75.0,8.598139396486143,0.149067197971382,0.04462831990395794,15.498478905291634,HIGH
Goa,15.25,74.0,15.25,74.0,2026-09-05,9,1.3439404,-0.2117871,1.3605255,278.9554,24.683807,87.1,1008.8321,1.5,9,1.5,9.5,-84.21052631578947,8.598139396486143,0.149067197971382,0.03903635465586114,14.129498828973958,HIGH
Goa,15.25,74.0,15.25,74.0,2026-09-06,10,-0.58291197,0.9720142,1.133401,149.04909,23.869965,89.1,1009.235,0.125,9,0.125,9.5,-98.68421052631578,8.598139396486143,0.149067197971382,0.03508509043119687,13.52272376672129,HIGH
Gujarat,22.25,71.25,22.25,71.25,2026-08-28,1,4.8599024,2.942163,5.681107,238.80948,25.25,75.7,1006.0377,0.0,8,0.0,6.548064516129032,-100.0,11.712856954174969,0.13747509509146894,0.02048685557298271,11.958675215608569,HIGH
Gujarat,22.25,71.25,22.25,71.25,2026-08-29,2,6.149917,3.407473,7.0308146,241.01057,25.25,75.1,1006.00256,0.0,8,0.0,6.548064516129032,-100.0,11.712856954174969,0.13747509509146894,0.02048685557298271,12.258578220970126,HIGH
Gujarat,22.25,71.25,22.25,71.25,2026-08-30,3,6.3272834,3.466123,7.214466,241.28581,25.614563,70.2,1005.9874,0.0,8,0.0,6.548064516129032,-100.0,11.712856954174969,0.13747509509146894,0.02048685557298271,11.094794924027415,HIGH
Gujarat,22.25,71.25,22.25,71.25,2026-08-31,4,5.6333113,4.25793,7.061456,232.91626,25.148865,73.4,1005.9601,0.0,8,0.0,6.548064516129032,-100.0,11.712856954174969,0.13747509509146894,0.02048685557298271,11.843792664474936,HIGH
Gujarat,22.25,71.25,22.25,71.25,2026-09-01,5,5.717516,4.529509,7.2942743,231.61317,25.411865,76.3,1004.7202,0.0625,9,0.0625,3.644666666666667,-98.28516553868667,11.712856954174969,0.13747509509146894,0.017974780555471057,12.635624634379006,HIGH
Gujarat,22.25,71.25,22.25,71.25,2026-09-02,6,4.717969,4.179282,6.3028274,228.46477,25.111328,80.6,1005.32104,0.125,9,0.125,3.644666666666667,-96.57033107737333,11.712856954174969,0.13747509509146894,0.022502963277106124,13.650977530902452,HIGH
Gujarat,22.25,71.25,22.25,71.25,2026-09-03,7,4.292916,2.9574072,5.2130013,235.43689,25.312103,78.9,1005.4158,0.1875,9,0.1875,3.644666666666667,-94.85549661606,11.712856954174969,0.13747509509146894,0.022767859869097764,12.96300686851879,HIGH
Gujarat,22.25,71.25,22.25,71.25,2026-09-04,8,2.7013867,1.6481378,3.1644666,238.6123,24.373016,84.3,1005.6717,0.0,9,0.0,3.644666666666667,-100.0,11.712856954174969,0.13747509509146894,0.017974780555471057,13.169313443990449,HIGH
Gujarat,22.25,71.25,22.25,71.25,2026-09-05,9,5.1439404,0.30821288,5.153166,266.57108,24.783783,82.3,1005.5261,0.0,9,0.0,3.644666666666667,-100.0,11.712856954174969,0.13747509509146894,0.017974780555471057,13.332213403822879,HIGH
Gujarat,22.25,71.25,22.25,71.25,2026-09-06,10,4.987088,-0.37798584,5.001392,274.33432,24.769989,82.7,1005.78705,0.875,9,0.875,3.644666666666667,-75.99231754161332,11.712856954174969,0.13747509509146894,0.02445580665511203,14.896782438526593,HIGH
Haryana,29.0,76.0,29.0,76.0,2026-08-28,1,6.829902,1.1821631,6.9314556,260.18018,32.55002,42.3,999.92377,0.0,8,0.0,5.290967741935484,-100.0,0.7401575564209383,0.0018112660749864155,0.003079987851805419,2.701136671195066,HIGH
Haryana,29.0,76.0,29.0,76.0,2026-08-29,2,6.329917,0.77747315,6.377485,262.9977,31.649994,45.7,999.70056,0.0,8,0.0,5.290967741935484,-100.0,0.7401575564209383,0.0018112660749864155,0.003079987851805419,2.5164798053002717,HIGH
Haryana,29.0,76.0,29.0,76.0,2026-08-30,3,6.0772834,2.636123,6.6243877,246.55042,30.41455,51.2,999.41547,0.0,8,0.0,5.290967741935484,-100.0,0.7401575564209383,0.0018112660749864155,0.003079987851805419,2.5987807812190415,HIGH
Haryana,29.0,76.0,29.0,76.0,2026-08-31,4,5.723311,2.3479297,6.186199,247.69461,29.648865,54.1,999.9601,0.0,8,0.0,5.290967741935484,-100.0,0.7401575564209383,0.0018112660749864155,0.003079987851805419,2.4527179228163125,HIGH
Haryana,29.0,76.0,29.0,76.0,2026-09-01,5,6.087516,2.0295093,6.416912,251.5622,28.711884,58.6,999.98627,0.0,9,0.0,2.8793333333333333,-100.0,0.7401575564209383,0.0018112660749864155,0.004065608310556734,2.5690468890297535,HIGH
Haryana,29.0,76.0,29.0,76.0,2026-09-02,6,0.11796875,0.9792822,0.9863621,186.86902,26.711334,80.5,1003.53296,0.8125,9,0.8125,2.8793333333333333,-71.78166242185691,0.7401575564209383,0.0018112660749864155,0.005735110223051692,7.3469317297305885,HIGH
Haryana,29.0,76.0,29.0,76.0,2026-09-03,7,-2.2170844,0.8474072,2.3735127,110.917694,26.91211,84.5,1002.71576,0.875,9,0.875,2.8793333333333333,-69.61102106969206,0.7401575564209383,0.0018112660749864155,0.005661744991791724,8.913787576105246,HIGH
Haryana,29.0,76.0,29.0,76.0,2026-09-04,8,-1.6386132,2.068138,2.6386073,141.60974,29.873016,66.1,1002.14764,0.0,9,0.0,2.8793333333333333,-100.0,0.7401575564209383,0.0018112660749864155,0.004065608310556734,2.834611658536208,HIGH
Haryana,29.0,76.0,29.0,76.0,2026-09-05,9,-1.9460596,2.588213,3.2382085,143.06073,27.38379,81.2,1003.86414,0.0,9,0.0,2.8793333333333333,-100.0,0.7401575564209383,0.0018112660749864155,0.004065608310556734,6.809478339337123,HIGH
Haryana,29.0,76.0,29.0,76.0,2026-09-06,10,-2.492912,1.1820141,2.7589433,115.36795,27.769989,79.1,1003.94104,0.0,9,0.0,2.8793333333333333,-100.0,0.7401575564209383,0.0018112660749864155,0.004065608310556734,6.124723695747865,HIGH
Himachal Pradesh,31.0,77.25,31.0,77.25,2026-08-28,1,-1.4300977,-0.9378369,1.7101805,56.743725,17.25,69.4,1006.1917,0.0,8,0.0,8.422258064516129,-100.0,2.880804066111212,0.024995471834812533,0.015647029778071368,4.766362421458408,HIGH
Himachal Pradesh,31.0,77.25,31.0,77.25,2026-08-29,2,-1.130083,-1.3725269,1.7778969,39.466656,18.550018,67.9,1005.00055,0.0,8,0.0,8.422258064516129,-100.0,2.880804066111212,0.024995471834812533,0.015647029778071368,4.413934545835301,HIGH
Himachal Pradesh,31.0,77.25,31.0,77.25,2026-08-30,3,-0.6627167,-1.0138769,1.2112554,33.17048,19.114563,67.9,1004.8155,0.0,8,0.0,8.422258064516129,-100.0,2.880804066111212,0.024995471834812533,0.015647029778071368,4.225054038932368,HIGH
Himachal Pradesh,31.0,77.25,31.0,77.25,2026-08-31,4,-0.5266888,-1.2320703,1.3399248,23.14587,19.448853,70.8,1004.82806,0.0,8,0.0,8.422258064516129,-100.0,2.880804066111212,0.024995471834812533,0.015647029778071368,4.99294417003338,HIGH
Himachal Pradesh,31.0,77.25,31.0,77.25,2026-09-01,5,0.46751586,-1.7204907,1.7828796,344.79785,19.31186,75.1,1004.56024,0.0,9,0.0,4.4623333333333335,-100.0,2.880804066111212,0.024995471834812533,0.010572636791515143,6.012619110773039,HIGH
Himachal Pradesh,31.0,77.25,31.0,77.25,2026-09-02,6,-0.52203125,0.93928224,1.0746012,150.9357,18.011322,92.2,1008.233,0.5,9,0.5,4.4623333333333335,-88.79509972361245,2.880804066111212,0.024995471834812533,0.020775719143812713,11.069889513964263,HIGH
Himachal Pradesh,31.0,77.25,31.0,77.25,2026-09-03,7,-1.6770843,0.29740724,1.7032506,100.05605,16.212128,90.2,1008.15173,0.0,9,0.0,4.4623333333333335,-100.0,2.880804066111212,0.024995471834812533,0.010572636791515143,9.761075918580126,HIGH
Himachal Pradesh,31.0,77.25,31.0,77.25,2026-09-04,8,-1.6786133,-0.5518622,1.7670015,71.801155,16.073029,82.3,1008.7237,0.0,9,0.0,4.4623333333333335,-100.0,2.880804066111212,0.024995471834812533,0.010572636791515143,7.807327444682549,HIGH
Himachal Pradesh,31.0,77.25,31.0,77.25,2026-09-05,9,-1.4860595,-0.3317871,1.5226476,77.41419,16.083801,81.4,1009.7961,0.0,9,0.0,4.4623333333333335,-100.0,2.880804066111212,0.024995471834812533,0.010572636791515143,7.500875658373069,HIGH
Himachal Pradesh,31.0,77.25,31.0,77.25,2026-09-06,10,-1.512912,0.13201416,1.5186608,94.98689,16.669983,88.5,1009.96704,0.0,9,0.0,4.4623333333333335,-100.0,2.880804066111212,0.024995471834812533,0.010572636791515143,9.274546253512334,HIGH
Jharkhand,23.5,85.25,23.5,85.25,2026-08-28,1,1.7799023,-2.367837,2.9622128,323.0678,23.149994,97.4,1002.64575,0.1875,8,0.1875,10.413225806451612,-98.19940522288653,5.444940534685745,0.0815069733743887,0.03883080060734479,14.649484065235985,HIGH
Jharkhand,23.5,85.25,23.5,85.25,2026-08-29,2,3.019917,-2.862527,4.1610045,313.46738,23.550018,97.0,1002.94055,11.875,8,11.875,10.413225806451612,14.037669217186592,5.444940534685745,0.0815069733743887,0.16487767155974367,26.817830288940787,HIGH
Jharkhand,23.5,85.25,23.5,85.25,2026-08-30,3,1.9572834,-2.493877,3.1702335,321.8739,22.41455,98.4,1002.97144,23.625,8,23.625,10.413225806451612,126.87494191629753,5.444940534685745,0.0815069733743887,0.4804849549290584,46.32524770782486,MEDIUM
Jharkhand,23.5,85.25,23.5,85.25,2026-08-31,4,3.0033112,-3.5220704,4.6286993,319.54538,21.74887,95.4,1003.20807,0.0,8,0.0,10.413225806451612,-100.0,5.444940534685745,0.0815069733743887,0.02750611335282907,14.142469699107618,HIGH
Jharkhand,23.5,85.25,23.5,85.25,2026-09-01,5,2.987516,-3.8404908,4.8656573,322.12067,21.411865,98.2,1003.33026,13.875,9,13.875,8.064,72.06101190476191,5.444940534685745,0.0815069733743887,0.26881173009270737,34.77888624735302,MEDIUM
Jharkhand,23.5,85.25,23.5,85.25,2026-09-02,6,1.0479687,-3.4307177,3.5872083,343.01385,22.31134,98.9,1003.165,4.1875,9,4.1875,8.064,-48.07167658730159,5.444940534685745,0.0815069733743887,0.07816318036541145,19.776538654157516,HIGH
Jharkhand,23.5,85.25,23.5,85.25,2026-09-03,7,-2.1070843,-2.1025927,2.976693,45.06113,22.41211,98.6,1002.37976,1.25,9,1.25,8.064,-84.49900793650794,5.444940534685745,0.0815069733743887,0.03952142177182413,15.791800697489366,HIGH
Jharkhand,23.5,85.25,23.5,85.25,2026-09-04,8,-2.8086133,1.2981378,3.0941024,114.80632,20.973022,98.2,1004.5517,0.0,9,0.0,8.064,-100.0,5.444940534685745,0.0815069733743887,0.025526795582331143,14.251763149777187,HIGH
Jharkhand,23.5,85.25,23.5,85.25,2026-09-05,9,-0.8960596,2.1982129,2.3738286,157.82266,20.783783,96.7,1006.17413,0.0,9,0.0,8.064,-100.0,5.444940534685745,0.0815069733743887,0.025526795582331143,13.636671527901424,HIGH
Jharkhand,23.5,85.25,23.5,85.25,2026-09-06,10,0.317088,2.562014,2.5815618,187.05536,21.669983,96.0,1008.025,0.0,9,0.0,8.064,-100.0,5.444940534685745,0.0815069733743887,0.025526795582331143,13.530916683057082,HIGH
Karnataka,15.25,75.75,15.25,75.75,2026-08-28,1,8.409903,0.9021631,8.458154,263.87708,21.850006,83.1,1010.9458,0.0,8,0.0,7.010322580645162,-100.0,17.56549213892411,0.29759101612026806,0.019687006868172954,18.275119474176833,HIGH
Karnataka,15.25,75.75,15.25,75.75,2026-08-29,2,7.159917,1.6974732,7.3583846,256.66257,20.75,90.2,1011.3486,0.0,8,0.0,7.010322580645162,-100.0,17.56549213892411,0.29759101612026806,0.019687006868172954,19.683529732768008,HIGH
Karnataka,15.25,75.75,15.25,75.75,2026-08-30,3,7.2472835,1.296123,7.3622723,259.8603,21.91455,83.1,1011.69946,0.0625,8,0.0625,7.010322580645162,-99.1084575740843,17.56549213892411,0.29759101612026806,0.019687006868172954,17.961841732519538,HIGH
Karnataka,15.25,75.75,15.25,75.75,2026-08-31,4,6.603311,1.2979296,6.729661,258.87985,20.948853,85.3,1011.8361,0.0,8,0.0,7.010322580645162,-100.0,17.56549213892411,0.29759101612026806,0.019687006868172954,18.248956015352675,HIGH
Karnataka,15.25,75.75,15.25,75.75,2026-09-01,5,6.7075157,1.3895093,6.8499274,258.29633,20.511871,89.1,1010.8783,0.0,9,0.0,5.359333333333333,-100.0,17.56549213892411,0.29759101612026806,0.01649105398233005,19.111205625141068,HIGH
Karnataka,15.25,75.75,15.25,75.75,2026-09-02,6,5.4079685,2.3392823,5.892229,246.60852,20.411346,91.5,1011.80896,0.0,9,0.0,5.359333333333333,-100.0,17.56549213892411,0.29759101612026806,0.01649105398233005,19.391974049413605,HIGH
Karnataka,15.25,75.75,15.25,75.75,2026-09-03,7,4.9129157,1.9774072,5.2959304,248.07564,20.712128,90.9,1010.9917,0.0,9,0.0,5.359333333333333,-100.0,17.56549213892411,0.29759101612026806,0.01649105398233005,19.043207528794213,HIGH
Karnataka,15.25,75.75,15.25,75.75,2026-09-04,8,4.301387,2.1481378,4.8079543,243.46219,20.473022,91.5,1010.5397,0.0,9,0.0,5.359333333333333,-100.0,17.56549213892411,0.29759101612026806,0.01649105398233005,19.030549178624554,HIGH
Karnataka,15.25,75.75,15.25,75.75,2026-09-05,9,5.1639404,1.5482129,5.3910336,253.31064,20.88379,90.8,1009.6981,0.0,9,0.0,5.359333333333333,-100.0,17.56549213892411,0.29759101612026806,0.01649105398233005,19.049909698570175,HIGH
Karnataka,15.25,75.75,15.25,75.75,2026-09-06,10,4.997088,1.7220142,5.285473,250.98587,21.069977,87.9,1009.925,0.0,9,0.0,5.359333333333333,-100.0,17.56549213892411,0.29759101612026806,0.01649105398233005,18.28972174485962,HIGH
Kerala,10.5,76.25,10.5,76.25,2026-08-28,1,-0.81009763,1.002163,1.2886385,141.04968,22.450012,98.0,1012.2277,0.0,8,0.0,14.415161290322581,-100.0,2.5787553622532147,0.00815069733743887,0.007488992867016181,11.179326478660924,HIGH
Kerala,10.5,76.25,10.5,76.25,2026-08-29,2,-0.550083,0.6874731,0.88046044,141.33487,22.550018,98.4,1012.22455,0.0,8,0.0,14.415161290322581,-100.0,2.5787553622532147,0.00815069733743887,0.007488992867016181,11.143268066727442,HIGH
Kerala,10.5,76.25,10.5,76.25,2026-08-30,3,-0.5827167,0.76612306,0.9625504,142.74321,22.014557,98.5,1012.5195,0.0,8,0.0,14.415161290322581,-100.0,2.5787553622532147,0.00815069733743887,0.007488992867016181,11.1956303047844,HIGH
Kerala,10.5,76.25,10.5,76.25,2026-08-31,4,-0.65668887,0.5979297,0.8881217,132.31854,21.948853,98.3,1012.38403,0.0,8,0.0,14.415161290322581,-100.0,2.5787553622532147,0.00815069733743887,0.007488992867016181,11.120822144941313,HIGH
Kerala,10.5,76.25,10.5,76.25,2026-09-01,5,-0.69248414,0.31950927,0.7626405,114.7684,22.31186,98.4,1011.54224,0.0,9,0.0,8.664666666666667,-100.0,2.5787553622532147,0.00815069733743887,0.0055209148333276396,11.02527163120191,HIGH
Kerala,10.5,76.25,10.5,76.25,2026-09-02,6,-0.58203125,0.15928222,0.60343283,105.30517,22.31134,98.9,1012.27704,0.0,9,0.0,8.664666666666667,-100.0,2.5787553622532147,0.00815069733743887,0.0055209148333276396,11.097202283686208,HIGH
Kerala,10.5,76.25,10.5,76.25,2026-09-03,7,-0.69708437,0.7174072,1.0002998,135.82314,22.112122,97.0,1011.75977,0.0,9,0.0,8.664666666666667,-100.0,2.5787553622532147,0.00815069733743887,0.0055209148333276396,10.754490686936485,HIGH
Kerala,10.5,76.25,10.5,76.25,2026-09-04,8,-0.8086133,0.5881378,0.99988073,126.02993,22.27304,96.4,1011.00366,0.0,9,0.0,8.664666666666667,-100.0,2.5787553622532147,0.00815069733743887,0.0055209148333276396,10.604351429624664,HIGH
Kerala,10.5,76.25,10.5,76.25,2026-09-05,9,-0.7460596,0.2982129,0.80345243,111.78744,22.483795,96.4,1010.2361,0.0,9,0.0,8.664666666666667,-100.0,2.5787553622532147,0.00815069733743887,0.0055209148333276396,10.538875331526803,HIGH
Kerala,10.5,76.25,10.5,76.25,2026-09-06,10,-0.732912,0.37201416,0.8219212,116.911606,23.169983,97.6,1010.697,0.75,9,0.75,8.664666666666667,-91.34415634377164,2.5787553622532147,0.00815069733743887,0.007918309219567467,11.458274916790351,HIGH
Madhya Pradesh,23.5,78.0,23.5,78.0,2026-08-28,1,2.5799024,1.3321631,2.9035418,242.68991,22.350006,92.7,1005.54974,0.1875,8,0.1875,11.228709677419356,-98.33017323106094,27.532117779750045,0.2593733019380547,0.05331614004539759,23.246278475557926,HIGH
Madhya Pradesh,23.5,78.0,23.5,78.0,2026-08-29,2,4.449917,1.2074732,4.61083,254.81851,22.050018,89.2,1005.5726,0.0,8,0.0,11.228709677419356,-100.0,27.532117779750045,0.2593733019380547,0.04617832046036594,22.552642587311873,HIGH
Madhya Pradesh,23.5,78.0,23.5,78.0,2026-08-30,3,4.8472834,1.176123,4.9879274,256.36157,22.41455,84.1,1005.43945,0.0,8,0.0,11.228709677419356,-100.0,27.532117779750045,0.2593733019380547,0.04617832046036594,21.40334219459475,HIGH
Madhya Pradesh,23.5,78.0,23.5,78.0,2026-08-31,4,5.923311,1.2979296,6.0638466,257.64056,22.448853,87.6,1005.80804,0.3125,8,0.3125,11.228709677419356,-97.21695538510156,27.532117779750045,0.2593733019380547,0.05331614004539759,23.092859036195303,HIGH
Madhya Pradesh,23.5,78.0,23.5,78.0,2026-09-01,5,4.2275157,0.5595093,4.2643805,262.46075,22.211884,88.6,1005.2123,0.0,9,0.0,6.248,-100.0,27.532117779750045,0.2593733019380547,0.03012142483437641,21.64488413541692,HIGH
Madhya Pradesh,23.5,78.0,23.5,78.0,2026-09-02,6,3.0679688,0.7292822,3.1534562,256.62848,22.411346,87.5,1006.029,0.0,9,0.0,6.248,-100.0,27.532117779750045,0.2593733019380547,0.03012142483437641,20.999576497665817,HIGH
Madhya Pradesh,23.5,78.0,23.5,78.0,2026-09-03,7,3.2529156,0.15740722,3.256722,267.22964,22.212128,93.4,1005.5477,0.6875,9,0.6875,6.248,-88.99647887323944,27.532117779750045,0.2593733019380547,0.036382031901037525,23.39178147528576,HIGH
Madhya Pradesh,23.5,78.0,23.5,78.0,2026-09-04,8,2.5613868,-0.7318622,2.6638927,285.94617,22.373016,94.9,1005.0397,1.0,9,1.0,6.248,-83.99487836107554,27.532117779750045,0.2593733019380547,0.04058843223629823,24.024863697153943,HIGH
Madhya Pradesh,23.5,78.0,23.5,78.0,2026-09-05,9,2.6939404,-2.151787,3.4478257,308.61615,23.083801,97.4,1003.8921,6.3125,9,6.3125,6.248,1.0323303457106239,27.532117779750045,0.2593733019380547,0.30968641321995294,40.561499577471174,MEDIUM
Madhya Pradesh,23.5,78.0,23.5,78.0,2026-09-06,10,-0.752912,0.49201417,0.89941895,123.16388,23.369965,94.2,1003.22296,0.0,9,0.0,6.248,-100.0,27.532117779750045,0.2593733019380547,0.03012142483437641,21.92323007325756,HIGH
Maharashtra,19.75,75.75,19.75,75.75,2026-08-28,1,4.4599023,0.0021630859,4.459903,269.97223,22.950012,80.2,1008.22375,0.0,8,0.0,8.886129032258065,-100.0,30.030947404455713,0.3093642456076798,0.04351311722979479,21.487424134855406,HIGH
Maharashtra,19.75,75.75,19.75,75.75,2026-08-29,2,3.259917,0.6874731,3.3316178,258.09158,22.75,81.7,1008.28656,0.0,8,0.0,8.886129032258065,-100.0,30.030947404455713,0.3093642456076798,0.04351311722979479,21.486328713243143,HIGH
Maharashtra,19.75,75.75,19.75,75.75,2026-08-30,3,4.127283,-1.103877,4.272354,284.97375,22.71457,82.8,1008.3714,0.0625,8,0.0625,8.886129032258065,-99.29665662322576,30.030947404455713,0.3093642456076798,0.04351311722979479,22.117055714456765,HIGH
Maharashtra,19.75,75.75,19.75,75.75,2026-08-31,4,1.6733111,0.5779297,1.770303,250.94608,22.348846,83.9,1008.85205,0.0,8,0.0,8.886129032258065,-100.0,30.030947404455713,0.3093642456076798,0.04351311722979479,21.515891546030776,HIGH
Maharashtra,19.75,75.75,19.75,75.75,2026-09-01,5,2.967516,0.7995093,3.0733314,254.92139,22.511871,81.0,1007.77826,0.0,9,0.0,6.177666666666666,-100.0,30.030947404455713,0.3093642456076798,0.026247194344942184,20.53459709730397,HIGH
Maharashtra,19.75,75.75,19.75,75.75,2026-09-02,6,2.4879687,0.50928223,2.5395584,258.4315,23.011322,80.5,1008.681,0.0,9,0.0,6.177666666666666,-100.0,30.030947404455713,0.3093642456076798,0.026247194344942184,20.23167288151036,HIGH
Maharashtra,19.75,75.75,19.75,75.75,2026-09-03,7,2.2329156,-0.062592775,2.2337928,271.60568,22.712128,84.4,1007.94775,0.0,9,0.0,6.177666666666666,-100.0,30.030947404455713,0.3093642456076798,0.026247194344942184,21.10475110110293,HIGH
Maharashtra,19.75,75.75,19.75,75.75,2026-09-04,8,4.1913867,-0.8118622,4.2692904,280.9623,23.073029,78.8,1007.4037,0.0,9,0.0,6.177666666666666,-100.0,30.030947404455713,0.3093642456076798,0.026247194344942184,20.383251218464476,HIGH
Maharashtra,19.75,75.75,19.75,75.75,2026-09-05,9,6.0439405,-1.0517871,6.1347756,279.87195,23.38379,79.5,1006.3621,0.0625,9,0.0625,6.177666666666666,-98.98829115631577,30.030947404455713,0.3093642456076798,0.026247194344942184,21.23812932659377,HIGH
Maharashtra,19.75,75.75,19.75,75.75,2026-09-06,10,4.347088,1.5320141,4.6091475,250.58636,21.569977,96.0,1006.645,7.375,9,7.375,6.177666666666666,19.3816435547402,30.030947404455713,0.3093642456076798,0.3370364471501154,44.078057022801374,MEDIUM
Manipur,24.75,94.0,24.75,94.0,2026-08-28,1,0.5399023,0.12216309,0.55355066,257.25043,21.75,99.0,1005.1258,5.375,8,5.375,6.411612903225807,-16.16773998792514,0.9276960695526173,0.0005433798224959246,0.010316809654037161,15.499894567053202,HIGH
Manipur,24.75,94.0,24.75,94.0,2026-08-29,2,-0.550083,-0.20252685,0.5861812,69.787544,20.75,97.9,1006.3886,0.4375,8,0.4375,6.411612903225807,-93.17644395250554,0.9276960695526173,0.0005433798224959246,0.004858695349466816,10.576218896617448,HIGH
Manipur,24.75,94.0,24.75,94.0,2026-08-30,3,-0.45271668,0.09612305,0.46280885,101.9873,20.91455,97.9,1005.7074,0.0,8,0.0,6.411612903225807,-100.0,0.9276960695526173,0.0005433798224959246,0.0030426832599185602,10.068927691404781,HIGH
Manipur,24.75,94.0,24.75,94.0,2026-08-31,4,-0.98668885,0.15792969,0.9992481,99.093636,21.548859,98.0,1005.4561,4.375,8,4.375,6.411612903225807,-31.764439525055348,0.9276960695526173,0.0005433798224959246,0.007251088584153691,14.376341729815248,HIGH
Manipur,24.75,94.0,24.75,94.0,2026-09-01,5,-1.0524842,-0.22049072,1.075332,78.16791,20.611877,96.5,1007.87024,0.0625,9,0.0625,4.307333333333333,-98.54898622504257,0.9276960695526173,0.0005433798224959246,0.0032725889070232836,10.010805328338817,HIGH
Manipur,24.75,94.0,24.75,94.0,2026-09-02,6,-0.5520313,-0.29071778,0.62390333,62.227234,19.711334,96.2,1009.24896,0.6875,9,0.6875,4.307333333333333,-84.0388484754682,0.9276960695526173,0.0005433798224959246,0.0035670750747672166,10.582184523968817,HIGH
Manipur,24.75,94.0,24.75,94.0,2026-09-03,7,-0.69708437,-0.62259275,0.9346381,48.230736,19.212128,97.6,1009.40375,0.0625,9,0.0625,4.307333333333333,-98.54898622504257,0.9276960695526173,0.0005433798224959246,0.0032725889070232836,10.238906785807982,HIGH
Manipur,24.75,94.0,24.75,94.0,2026-09-04,8,-0.49861327,-0.5918622,0.7738967,40.1124,19.173035,96.7,1010.6397,0.0625,9,0.0625,4.307333333333333,-98.54898622504257,0.9276960695526173,0.0005433798224959246,0.0032725889070232836,9.960325502752736,HIGH
Manipur,24.75,94.0,24.75,94.0,2026-09-05,9,0.23394042,-0.0017871094,0.23394725,270.43768,20.083801,97.9,1010.95416,0.0,9,0.0,4.307333333333333,-100.0,0.9276960695526173,0.0005433798224959246,0.0018440174784518548,9.944693861101513,HIGH
Manipur,24.75,94.0,24.75,94.0,2026-09-06,10,-0.32291198,-0.42798585,0.53613806,37.034267,19.369965,97.9,1011.135,0.0,9,0.0,4.307333333333333,-100.0,0.9276960695526173,0.0005433798224959246,0.0018440174784518548,10.045424133344312,HIGH
Meghalaya,25.5,91.5,25.5,91.5,2026-08-28,1,-0.040097658,1.3021631,1.3027803,178.23624,19.149994,98.8,1006.5717,1.0625,8,1.0625,46.759354838709676,-97.72772741697366,2.2980951077703318,0.01666364788987502,0.007932708880798556,11.540685778582056,HIGH
Meghalaya,25.5,91.5,25.5,91.5,2026-08-29,2,-0.460083,0.017473144,0.46041468,92.17494,18.25,98.1,1007.6526,0.6875,8,0.6875,46.759354838709676,-98.52970597568884,2.2980951077703318,0.01666364788987502,0.007932708880798556,11.032550733189584,HIGH
Meghalaya,25.5,91.5,25.5,91.5,2026-08-30,3,-0.48271668,0.44612303,0.6572984,132.74387,18.014557,94.4,1006.9914,0.125,8,0.125,46.759354838709676,-99.73267381376161,2.2980951077703318,0.01666364788987502,0.007511256524757875,10.077801893744896,HIGH
Meghalaya,25.5,91.5,25.5,91.5,2026-08-31,4,-0.79668885,-0.85207033,1.1665063,43.076168,18.848846,98.3,1005.5201,11.625,8,11.625,46.759354838709676,-75.13866467982946,2.2980951077703318,0.01666364788987502,0.008347532262839762,12.861259891417227,HIGH
Meghalaya,25.5,91.5,25.5,91.5,2026-09-01,5,-2.9224842,-1.6804907,3.371196,60.100178,17.111877,95.1,1008.14624,4.4375,9,4.4375,27.451,-83.8348329751193,2.2980951077703318,0.01666364788987502,0.008391776592883041,12.215005335470245,HIGH
Meghalaya,25.5,91.5,25.5,91.5,2026-09-02,6,-1.9920312,0.019282227,1.9921244,90.55458,17.31134,92.6,1009.377,0.875,9,0.875,27.451,-96.81250227678409,2.2980951077703318,0.01666364788987502,0.008142321474801357,10.285567900583743,HIGH
Meghalaya,25.5,91.5,25.5,91.5,2026-09-03,7,-0.9870843,0.5374072,1.1238959,118.56559,17.812103,98.5,1009.6917,2.375,9,2.375,27.451,-91.3482204655568,2.2980951077703318,0.01666364788987502,0.008348540274786249,11.830888967469459,HIGH
Meghalaya,25.5,91.5,25.5,91.5,2026-09-04,8,-0.6286133,1.3881378,1.5238377,155.63676,16.77304,99.0,1011.46765,0.125,9,0.125,27.451,-99.54464318239773,2.2980951077703318,0.01666364788987502,0.007683380833849712,11.535374911044485,HIGH
Meghalaya,25.5,91.5,25.5,91.5,2026-09-05,9,-0.72605956,1.3782129,1.5577655,152.21918,15.883789,97.4,1012.5481,0.0625,9,0.0625,27.451,-99.77232159119886,2.2980951077703318,0.01666364788987502,0.006042434492742528,11.066401957476543,HIGH
Meghalaya,25.5,91.5,25.5,91.5,2026-09-06,10,-0.042911988,1.6820141,1.6825614,178.53857,17.269989,96.2,1012.52295,0.4375,9,0.4375,27.451,-98.40625113839204,2.2980951077703318,0.01666364788987502,0.008285035438322076,10.985572911223347,HIGH
Mizoram,23.25,93.0,23.25,93.0,2026-08-28,1,0.039902344,0.4521631,0.45392033,185.04317,21.25,99.9,1005.7877,2.3125,8,2.3125,10.290322580645162,-77.52742946708464,1.5702370981706213,0.002535772504980982,0.0057125697140331866,12.274614853646312,HIGH
Mizoram,23.25,93.0,23.25,93.0,2026-08-29,2,-0.710083,-0.122526854,0.72057664,80.209854,20.450012,98.3,1005.8505,0.75,8,0.75,10.290322580645162,-92.7115987460815,1.5702370981706213,0.002535772504980982,0.006414680048452338,11.068966325418282,HIGH
Mizoram,23.25,93.0,23.25,93.0,2026-08-30,3,-0.6027167,-0.21387695,0.6395395,70.46252,21.21457,99.8,1005.2114,3.9375,8,3.9375,10.290322580645162,-61.7358934169279,1.5702370981706213,0.002535772504980982,0.008599874710287928,13.386504228772711,HIGH
Mizoram,23.25,93.0,23.25,93.0,2026-08-31,4,-0.9666889,-0.45207033,1.0671715,64.93694,20.848846,99.3,1003.56006,2.4375,8,2.4375,10.290322580645162,-76.3126959247649,1.5702370981706213,0.002535772504980982,0.005781980813225143,12.405618325421198,HIGH
Mizoram,23.25,93.0,23.25,93.0,2026-09-01,5,-1.1924841,-0.19049072,1.2076031,80.92409,21.111877,95.1,1005.37225,0.0625,9,0.0625,9.883333333333333,-99.36762225969645,1.5702370981706213,0.002535772504980982,0.003340720886684266,9.903776201507181,HIGH
Mizoram,23.25,93.0,23.25,93.0,2026-09-02,6,-1.1120312,-0.14071777,1.1208992,82.78805,19.511322,97.4,1007.669,0.0625,9,0.0625,9.883333333333333,-99.36762225969645,1.5702370981706213,0.002535772504980982,0.003340720886684266,10.449876424944133,HIGH
Mizoram,23.25,93.0,23.25,93.0,2026-09-03,7,-0.8170844,0.06740723,0.8198601,94.71606,19.712128,99.0,1008.24774,1.6875,9,1.6875,9.883333333333333,-82.92580101180438,1.5702370981706213,0.002535772504980982,0.005520233761181534,11.832115727752921,HIGH
Mizoram,23.25,93.0,23.25,93.0,2026-09-04,8,-0.38861328,0.038137816,0.3904802,95.60495,19.673035,99.2,1010.3357,0.75,9,0.75,9.883333333333333,-92.4114671163575,1.5702370981706213,0.002535772504980982,0.006220681769842565,11.192733016817334,HIGH
Mizoram,23.25,93.0,23.25,93.0,2026-09-05,9,-0.7660596,-0.07178711,0.76941586,84.64647,18.88379,99.6,1011.3081,0.0,9,0.0,9.883333333333333,-100.0,1.5702370981706213,0.002535772504980982,0.003340720886684266,10.844429363511514,HIGH
Mizoram,23.25,93.0,23.25,93.0,2026-09-06,10,-0.612912,0.16201416,0.63396347,104.80662,20.169983,99.1,1011.327,0.3125,9,0.3125,9.883333333333333,-96.83811129848229,1.5702370981706213,0.002535772504980982,0.00599863777242207,10.972019556354562,HIGH
Nagaland,26.25,94.5,26.25,94.5,2026-08-28,1,-0.68009764,0.7721631,1.0289649,138.62738,21.050018,98.9,1005.1758,7.3125,8,7.3125,11.56258064516129,-36.75719785738199,2.0028506069552616,0.0027168991124796233,0.012291579867694694,15.14210010699632,HIGH
Nagaland,26.25,94.5,26.25,94.5,2026-08-29,2,-0.750083,0.43747315,0.86833596,120.25214,20.75,97.8,1006.10455,1.4375,8,1.4375,11.56258064516129,-87.5676542796563,2.0028506069552616,0.0027168991124796233,0.005581975334906939,11.427448176092259,HIGH
Nagaland,26.25,94.5,26.25,94.5,2026-08-30,3,-1.0027167,0.76612306,1.2618974,127.38153,20.814545,98.9,1005.27545,4.5,8,4.5,11.56258064516129,-61.08135252761968,2.0028506069552616,0.0027168991124796233,0.005891035672731689,13.471194807133857,HIGH
Nagaland,26.25,94.5,26.25,94.5,2026-08-31,4,-0.9566888,0.32792968,1.0113314,108.92046,20.448853,99.7,1005.408,18.375,8,18.375,11.56258064516129,58.91781051221962,2.0028506069552616,0.0027168991124796233,0.025043734947009143,21.716916518752576,HIGH
Nagaland,26.25,94.5,26.25,94.5,2026-09-01,5,-1.3924842,0.20950928,1.4081571,98.55638,19.911865,90.3,1008.0683,0.375,9,0.375,8.205666666666668,-95.42998740707641,2.0028506069552616,0.0027168991124796233,0.005596334286141628,9.241687598092591,HIGH
Nagaland,26.25,94.5,26.25,94.5,2026-09-02,6,-1.3120313,0.87928224,1.5794187,123.82874,19.611328,85.8,1008.325,0.125,9,0.125,8.205666666666668,-98.47666246902547,2.0028506069552616,0.0027168991124796233,0.00538441143837062,7.984250246889378,HIGH
Nagaland,26.25,94.5,26.25,94.5,2026-09-03,7,-1.1770843,0.9674072,1.5236155,129.41566,18.612122,97.5,1008.8758,5.6875,9,5.6875,8.205666666666668,-30.688142340658903,2.0028506069552616,0.0027168991124796233,0.012408188407772079,15.199915041294895,HIGH
Nagaland,26.25,94.5,26.25,94.5,2026-09-04,8,-0.9586133,0.85813785,1.2866001,131.83447,19.173035,98.3,1010.2517,3.5,9,3.5,8.205666666666668,-57.346549132713164,2.0028506069552616,0.0027168991124796233,0.01343464769308873,13.777800273455053,HIGH
Nagaland,26.25,94.5,26.25,94.5,2026-09-05,9,-0.7660596,0.8482129,1.1429403,137.91338,19.483795,98.2,1010.6181,1.5,9,1.5,8.205666666666668,-81.71994962830564,2.0028506069552616,0.0027168991124796233,0.0054282967979288384,11.936274454407416,HIGH
Nagaland,26.25,94.5,26.25,94.5,2026-09-06,10,-0.732912,0.93201417,1.1856687,141.8194,19.769989,98.2,1010.705,1.0,9,1.0,8.205666666666668,-87.81329975220376,2.0028506069552616,0.0027168991124796233,0.0052348861358293315,11.58068500335475,HIGH
Odisha,20.5,84.5,20.5,84.5,2026-08-28,1,1.7299024,-0.7478369,1.8846278,293.37885,23.350006,95.4,1003.6658,0.375,8,0.375,11.695483870967742,-96.79363415710503,16.868045470566926,0.24524542655316067,0.035688441811233824,19.237515896829365,HIGH
Odisha,20.5,84.5,20.5,84.5,2026-08-29,2,1.609917,-0.48252687,1.680674,286.6846,23.25,92.9,1003.6345,0.0625,8,0.0625,11.695483870967742,-99.46560569285083,16.868045470566926,0.24524542655316067,0.027324945771278007,18.045890965098543,HIGH
Odisha,20.5,84.5,20.5,84.5,2026-08-30,3,1.6372833,-0.8738769,1.855898,298.09045,23.114563,97.3,1003.8234,3.875,8,3.875,11.695483870967742,-66.86755295675198,16.868045470566926,0.24524542655316067,0.04075880044914396,21.743677391859695,HIGH
Odisha,20.5,84.5,20.5,84.5,2026-08-31,4,2.603311,-1.5320703,3.0206735,300.47717,23.148865,91.2,1003.88806,0.0625,8,0.0625,11.695483870967742,-99.46560569285083,16.868045470566926,0.24524542655316067,0.027324945771278007,18.067556275585694,HIGH
Odisha,20.5,84.5,20.5,84.5,2026-09-01,5,2.5575159,-0.86049074,2.6983943,288.59583,21.911865,95.9,1003.7562,1.8125,9,1.8125,8.300333333333333,-78.16352756917394,16.868045470566926,0.24524542655316067,0.03125155615113057,20.55861208850899,HIGH
Odisha,20.5,84.5,20.5,84.5,2026-09-02,6,2.1579688,-0.56071776,2.2296264,284.56543,22.111328,97.4,1003.753,8.0625,9,8.0625,8.300333333333333,-2.865346773221951,16.868045470566926,0.24524542655316067,0.27532698604904177,35.02049983449093,MEDIUM
Odisha,20.5,84.5,20.5,84.5,2026-09-03,7,2.3829157,0.49740723,2.4342763,258.20944,21.812103,93.3,1003.59576,0.4375,9,0.4375,8.300333333333333,-94.72912734428336,16.868045470566926,0.24524542655316067,0.035423808618733836,19.00183528482674,HIGH
Odisha,20.5,84.5,20.5,84.5,2026-09-04,8,0.23138672,1.3481379,1.3678507,189.73903,22.073029,96.8,1004.1157,2.0,9,2.0,8.300333333333333,-75.90458214529536,16.868045470566926,0.24524542655316067,0.03210326317596075,20.50856966157751,HIGH
Odisha,20.5,84.5,20.5,84.5,2026-09-05,9,0.26394042,0.7882129,0.8312305,198.51361,22.183807,91.6,1005.96814,0.0,9,0.0,8.300333333333333,-100.0,16.868045470566926,0.24524542655316067,0.02511975254133711,17.31671432119797,HIGH
Odisha,20.5,84.5,20.5,84.5,2026-09-06,10,0.48708802,0.8620142,0.9901127,209.46898,22.769989,91.1,1007.60297,0.0,9,0.0,8.300333333333333,-100.0,16.868045470566926,0.24524542655316067,0.02511975254133711,17.244675192916795,HIGH
Punjab,31.0,75.25,31.0,75.25,2026-08-28,1,-1.6000977,2.2521632,2.7627072,144.60728,28.149994,63.6,999.17377,0.0,8,0.0,5.432903225806452,-100.0,1.2985223542836444,0.006158304654953812,0.006677109380093942,2.5870069426909255,HIGH
Punjab,31.0,75.25,31.0,75.25,2026-08-29,2,2.699917,1.3474731,3.0174885,243.47717,29.350006,42.7,998.44653,0.0,8,0.0,5.432903225806452,-100.0,1.2985223542836444,0.006158304654953812,0.006677109380093942,1.7719343801453875,HIGH
Punjab,31.0,75.25,31.0,75.25,2026-08-30,3,1.2072834,2.1961231,2.5060906,208.7991,29.114563,40.0,998.30743,0.0,8,0.0,5.432903225806452,-100.0,1.2985223542836444,0.006158304654953812,0.006677109380093942,1.601468448849039,HIGH
Punjab,31.0,75.25,31.0,75.25,2026-08-31,4,0.34331116,2.3079298,2.3333242,188.46088,30.448853,37.7,998.71204,0.0,8,0.0,5.432903225806452,-100.0,1.2985223542836444,0.006158304654953812,0.006677109380093942,1.5438796517864035,HIGH
Punjab,31.0,75.25,31.0,75.25,2026-09-01,5,0.16751587,3.4795094,3.4835393,182.7563,26.011871,71.7,999.05225,0.875,9,0.875,3.4073333333333333,-74.32009391508511,1.2985223542836444,0.006158304654953812,0.010292316774791132,6.320444027201101,HIGH
Punjab,31.0,75.25,31.0,75.25,2026-09-02,6,-4.5620313,2.0792823,5.013536,114.50254,24.011322,94.4,1003.637,0.0,9,0.0,3.4073333333333333,-100.0,1.2985223542836444,0.006158304654953812,0.006620829342875826,11.035032611482706,HIGH
Punjab,31.0,75.25,31.0,75.25,2026-09-03,7,-2.9070845,-4.992593,5.7772937,30.211363,23.91211,96.2,1004.5798,11.4375,9,11.4375,3.4073333333333333,235.6730581099589,1.2985223542836444,0.006158304654953812,0.10857107080204247,33.11833784941237,MEDIUM
Punjab,31.0,75.25,31.0,75.25,2026-09-04,8,-2.2186134,-1.4018621,2.6243978,57.712677,25.073029,88.6,1003.0597,2.6875,9,2.6875,3.4073333333333333,-21.126002739189982,1.2985223542836444,0.006158304654953812,0.022799564119293226,13.500996336994636,HIGH
Punjab,31.0,75.25,31.0,75.25,2026-09-05,9,-2.3660595,2.918213,3.7568877,140.96518,25.183807,91.5,1003.8021,0.0,9,0.0,3.4073333333333333,-100.0,1.2985223542836444,0.006158304654953812,0.006620829342875826,9.891150187843408,HIGH
Punjab,31.0,75.25,31.0,75.25,2026-09-06,10,-1.972912,1.6620141,2.5796652,130.11134,24.769989,89.9,1004.113,0.0,9,0.0,3.4073333333333333,-100.0,1.2985223542836444,0.006158304654953812,0.006620829342875826,9.098742757135,HIGH
Rajasthan,27.0,74.25,27.0,74.25,2026-08-28,1,5.269902,4.172163,6.7215185,231.63148,26.850006,63.7,1002.6577,0.0,8,0.0,4.940967741935484,-100.0,15.479780033508423,0.190001811266075,0.028294325234149962,11.412021489740642,HIGH
Rajasthan,27.0,74.25,27.0,74.25,2026-08-29,2,5.739917,4.557473,7.329202,231.55055,26.350006,70.3,1002.8066,0.0,8,0.0,4.940967741935484,-100.0,15.479780033508423,0.190001811266075,0.028294325234149962,13.264583581985267,HIGH
Rajasthan,27.0,74.25,27.0,74.25,2026-08-30,3,5.607283,5.126123,7.597286,227.56676,25.814545,77.3,1002.2034,0.0,8,0.0,4.940967741935484,-100.0,15.479780033508423,0.190001811266075,0.028294325234149962,15.103944549263748,HIGH
Rajasthan,27.0,74.25,27.0,74.25,2026-08-31,4,5.413311,4.67793,7.1545067,229.16797,25.24887,78.6,1002.48804,0.0,8,0.0,4.940967741935484,-100.0,15.479780033508423,0.190001811266075,0.028294325234149962,15.281350510121616,HIGH
Rajasthan,27.0,74.25,27.0,74.25,2026-09-01,5,5.087516,3.9995093,6.4713902,231.82764,25.411865,74.5,1001.9363,0.0,9,0.0,2.2936666666666667,-100.0,15.479780033508423,0.190001811266075,0.028119605717319918,14.021656684403991,HIGH
Rajasthan,27.0,74.25,27.0,74.25,2026-09-02,6,2.8079689,2.8692822,4.014657,224.38124,24.911346,73.5,1004.03296,0.0,9,0.0,2.2936666666666667,-100.0,15.479780033508423,0.190001811266075,0.028119605717319918,12.952745541756725,HIGH
Rajasthan,27.0,74.25,27.0,74.25,2026-09-03,7,2.9729156,2.8774073,4.1373544,225.93529,25.612122,73.3,1003.9158,0.0,9,0.0,2.2936666666666667,-100.0,15.479780033508423,0.190001811266075,0.028119605717319918,12.943645216351127,HIGH
Rajasthan,27.0,74.25,27.0,74.25,2026-09-04,8,3.2813866,1.8881378,3.7858372,240.08353,27.373016,65.4,1003.66766,0.1875,9,0.1875,2.2936666666666667,-91.82531608777794,15.479780033508423,0.190001811266075,0.03286011422244565,11.420609035609674,HIGH
Rajasthan,27.0,74.25,27.0,74.25,2026-09-05,9,0.16394043,1.8682129,1.8753922,185.01501,27.183807,71.0,1004.1161,0.5625,9,0.5625,2.2936666666666667,-75.47594826333382,15.479780033508423,0.190001811266075,0.033902165036976566,12.984508364838621,HIGH
Rajasthan,27.0,74.25,27.0,74.25,2026-09-06,10,0.877088,1.5320141,1.7653189,209.79143,26.869965,69.2,1003.89294,3.0,9,3.0,2.2936666666666667,30.794942595552964,15.479780033508423,0.190001811266075,0.3015867646557828,28.13891147126996,HIGH
Sikkim,27.5,88.5,27.5,88.5,2026-08-28,1,0.20990235,-0.9178369,0.94153255,347.1184,15.550018,89.0,1008.74774,0.375,8,0.375,16.570967741935483,-97.73700603465058,6.169012025357725,0.08766527802934251,0.057348401385502686,12.954888931504899,HIGH
Sikkim,27.5,88.5,27.5,88.5,2026-08-29,2,0.19991699,-0.23252685,0.30665213,319.3124,15.950012,96.2,1008.4586,9.1875,8,9.1875,16.570967741935483,-44.556647848939065,6.169012025357725,0.08766527802934251,0.21386975705816,24.147698388036748,HIGH
Sikkim,27.5,88.5,27.5,88.5,2026-08-30,3,0.12728332,-0.693877,0.7054547,349.60535,16.21457,79.9,1008.51544,0.0625,8,0.0625,16.570967741935483,-99.62283433910842,6.169012025357725,0.08766527802934251,0.040454201452357216,9.806861362477775,HIGH
Sikkim,27.5,88.5,27.5,88.5,2026-08-31,4,-0.036688842,-1.6820703,1.6824703,1.2495211,15.948853,87.6,1007.4801,1.75,8,1.75,16.570967741935483,-89.43936149503602,6.169012025357725,0.08766527802934251,0.051562385935692095,13.142120752640707,HIGH
Sikkim,27.5,88.5,27.5,88.5,2026-09-01,5,0.24751587,-0.23049073,0.33821604,312.96017,15.111877,94.6,1010.33026,0.625,9,0.625,12.236666666666666,-94.89239989103785,6.169012025357725,0.08766527802934251,0.03964516898727465,13.618155239670937,HIGH
Sikkim,27.5,88.5,27.5,88.5,2026-09-02,6,-0.25203124,-0.7107178,0.7540819,19.525272,14.511322,91.4,1011.845,0.125,9,0.125,12.236666666666666,-98.97847997820757,6.169012025357725,0.08766527802934251,0.03186271961103454,12.393654093877943,HIGH
Sikkim,27.5,88.5,27.5,88.5,2026-09-03,7,0.25291565,-1.3025928,1.3269191,349.012,14.412109,83.0,1011.1917,0.125,9,0.125,12.236666666666666,-98.97847997820757,6.169012025357725,0.08766527802934251,0.03186271961103454,10.484599673920842,HIGH
Sikkim,27.5,88.5,27.5,88.5,2026-09-04,8,0.06138672,-0.22186218,0.23019809,344.53384,14.473022,95.6,1013.2317,0.625,9,0.625,12.236666666666666,-94.89239989103785,6.169012025357725,0.08766527802934251,0.03964516898727465,13.83214976201712,HIGH
Sikkim,27.5,88.5,27.5,88.5,2026-09-05,9,-0.0060595702,0.23821288,0.23828994,178.54285,14.983795,96.5,1013.42413,0.125,9,0.125,12.236666666666666,-98.97847997820757,6.169012025357725,0.08766527802934251,0.03186271961103454,13.496723418622809,HIGH
Sikkim,27.5,88.5,27.5,88.5,2026-09-06,10,0.047088012,-0.37798584,0.38090757,352.8989,15.069977,94.6,1013.637,1.8125,9,1.8125,12.236666666666666,-85.18795968400981,6.169012025357725,0.08766527802934251,0.03364713351324627,13.990550460919582,HIGH
Tamil Nadu,11.0,78.75,11.0,78.75,2026-08-28,1,5.579902,-0.17783691,5.582735,271.82547,25.950012,73.3,1009.10175,0.0,8,0.0,2.9319354838709675,-100.0,9.881105095272595,0.1577612751313168,0.021226939948649173,10.941282996395724,HIGH
Tamil Nadu,11.0,78.75,11.0,78.75,2026-08-29,2,5.829917,0.12747315,5.8313103,268.7474,25.550018,73.8,1008.83453,0.0,8,0.0,2.9319354838709675,-100.0,9.881105095272595,0.1577612751313168,0.021226939948649173,11.149141529062884,HIGH
Tamil Nadu,11.0,78.75,11.0,78.75,2026-08-30,3,5.377283,0.21612304,5.381624,267.69843,25.314545,71.3,1009.77545,0.0,8,0.0,2.9319354838709675,-100.0,9.881105095272595,0.1577612751313168,0.021226939948649173,10.374246129254,HIGH
Tamil Nadu,11.0,78.75,11.0,78.75,2026-08-31,4,5.0333114,-0.23207031,5.0386586,272.63986,24.948853,72.8,1009.4561,0.0,8,0.0,2.9319354838709675,-100.0,9.881105095272595,0.1577612751313168,0.021226939948649173,10.634924249211448,HIGH
Tamil Nadu,11.0,78.75,11.0,78.75,2026-09-01,5,4.587516,0.5595093,4.6215096,263.04636,25.411865,72.5,1008.8342,0.0,9,0.0,3.723,-100.0,9.881105095272595,0.1577612751313168,0.02657146319690242,10.634654562072573,HIGH
Tamil Nadu,11.0,78.75,11.0,78.75,2026-09-02,6,4.6879687,0.069282226,4.688481,269.15332,25.711334,71.0,1009.79297,0.0,9,0.0,3.723,-100.0,9.881105095272595,0.1577612751313168,0.02657146319690242,10.281978442417202,HIGH
Tamil Nadu,11.0,78.75,11.0,78.75,2026-09-03,7,4.3229156,-0.17259277,4.3263597,272.28632,26.012115,67.2,1009.26373,0.0,9,0.0,3.723,-100.0,9.881105095272595,0.1577612751313168,0.02657146319690242,9.21127049912673,HIGH
Tamil Nadu,11.0,78.75,11.0,78.75,2026-09-04,8,4.5813866,0.60813785,4.6215725,262.43872,26.073029,68.1,1008.6997,0.0,9,0.0,3.723,-100.0,9.881105095272595,0.1577612751313168,0.02657146319690242,9.534675243394194,HIGH
Tamil Nadu,11.0,78.75,11.0,78.75,2026-09-05,9,4.0139403,0.7782129,4.0886836,259.02777,26.583801,65.9,1008.2121,0.0,9,0.0,3.723,-100.0,9.881105095272595,0.1577612751313168,0.02657146319690242,8.807046233759937,HIGH
Tamil Nadu,11.0,78.75,11.0,78.75,2026-09-06,10,4.827088,0.57201415,4.860862,263.2419,26.769989,69.3,1008.519,1.25,9,1.25,3.723,-66.42492613483749,9.881105095272595,0.1577612751313168,0.03571227049328702,12.044487003559784,HIGH
Telangana,18.0,79.0,18.0,79.0,2026-08-28,1,4.0299025,-0.56783694,4.0697117,278.0205,22.950012,81.8,1007.90173,0.0,8,0.0,7.0277419354838715,-100.0,8.299466999818874,0.1295055243615287,0.02485979863649281,11.891887298843178,HIGH
Telangana,18.0,79.0,18.0,79.0,2026-08-29,2,5.389917,-1.2825269,5.5404043,283.38458,23.649994,79.8,1008.0566,0.375,8,0.375,7.0277419354838715,-94.66400440649959,8.299466999818874,0.1295055243615287,0.04241115684469757,12.89559231517265,HIGH
Telangana,18.0,79.0,18.0,79.0,2026-08-30,3,6.0572834,-1.5038769,6.24118,283.94324,22.814545,80.1,1008.09143,0.0625,8,0.0625,7.0277419354838715,-99.11066740108326,8.299466999818874,0.1295055243615287,0.02485979863649281,12.242611825826142,HIGH
Telangana,18.0,79.0,18.0,79.0,2026-08-31,4,6.443311,-1.8420703,6.7014537,285.95465,23.048859,76.6,1008.27203,0.125,8,0.125,7.0277419354838715,-98.22133480216652,8.299466999818874,0.1295055243615287,0.035960685323835215,12.01697569200595,HIGH
Telangana,18.0,79.0,18.0,79.0,2026-09-01,5,4.5375156,-1.1904907,4.691089,284.70114,22.711884,77.0,1007.77826,0.0625,9,0.0625,5.713333333333333,-98.90606767794633,8.299466999818874,0.1295055243615287,0.021817291461926958,10.839377379384128,HIGH
Telangana,18.0,79.0,18.0,79.0,2026-09-02,6,3.9379687,-0.22071777,3.9441495,273.208,23.31134,78.2,1008.169,0.0,9,0.0,5.713333333333333,-100.0,8.299466999818874,0.1295055243615287,0.021817291461926958,10.828331085793906,HIGH
Telangana,18.0,79.0,18.0,79.0,2026-09-03,7,4.832916,-1.1325928,4.9638534,283.18924,23.012115,82.0,1007.88776,1.5625,9,1.5625,5.713333333333333,-72.6516919486581,8.299466999818874,0.1295055243615287,0.03265272829985759,14.103289623934966,HIGH
Telangana,18.0,79.0,18.0,79.0,2026-09-04,8,3.2913866,-0.0018621826,3.2913873,270.0324,22.573029,88.0,1007.2037,1.375,9,1.375,5.713333333333333,-75.93348891481914,8.299466999818874,0.1295055243615287,0.03255120545721799,14.855543104960445,HIGH
Telangana,18.0,79.0,18.0,79.0,2026-09-05,9,4.8339405,0.23821288,4.8398066,267.1788,22.88379,84.8,1006.60815,0.375,9,0.375,5.713333333333333,-93.43640606767795,8.299466999818874,0.1295055243615287,0.0383685075913856,13.811326767648383,HIGH
Telangana,18.0,79.0,18.0,79.0,2026-09-06,10,3.367088,1.4320141,3.6589544,246.96008,22.069977,85.2,1007.617,0.0,9,0.0,5.713333333333333,-100.0,8.299466999818874,0.1295055243615287,0.021817291461926958,12.483266248308354,HIGH
Tripura,24.0,92.0,24.0,92.0,2026-08-28,1,-0.21009766,1.2421631,1.2598056,170.39992,24.450012,98.5,1003.1858,0.0,8,0.0,11.388064516129031,-100.0,3.820696537040391,0.038036587574714724,0.01838205039264218,12.447673320471175,HIGH
Tripura,24.0,92.0,24.0,92.0,2026-08-29,2,-0.56008303,0.23747315,0.60834736,112.97676,24.149994,99.8,1003.5745,6.875,8,6.875,11.388064516129031,-39.629776506245925,3.820696537040391,0.038036587574714724,0.053574472095299086,17.66301626572679,HIGH
Tripura,24.0,92.0,24.0,92.0,2026-08-30,3,-0.5427167,0.58612305,0.7988001,137.20206,24.41455,99.6,1002.85944,10.125,8,10.125,11.388064516129031,-11.09112540010763,3.820696537040391,0.038036587574714724,0.07818377172837314,20.409866964074567,HIGH
Tripura,24.0,92.0,24.0,92.0,2026-08-31,4,-0.5266888,-0.8820703,1.0273505,30.841646,24.148865,99.8,1001.64404,25.625,8,25.625,11.388064516129031,125.01628756762884,3.820696537040391,0.038036587574714724,0.6670487165429031,52.43201129017927,MEDIUM
Tripura,24.0,92.0,24.0,92.0,2026-09-01,5,-0.08248413,0.42950928,0.4373578,169.1291,24.511871,99.8,1002.4842,7.5,9,7.5,8.63,-13.093858632676717,3.820696537040391,0.038036587574714724,0.07689657200776799,20.031213988386437,HIGH
Tripura,24.0,92.0,24.0,92.0,2026-09-02,6,-0.65203124,-0.35071778,0.74037,61.72486,24.011322,99.5,1005.089,3.625,9,3.625,8.63,-57.995365005793744,3.820696537040391,0.038036587574714724,0.05043589484867638,16.316201309932072,HIGH
Tripura,24.0,92.0,24.0,92.0,2026-09-03,7,-0.54708433,-0.17259277,0.57366323,72.490685,22.812103,96.8,1006.05975,0.1875,9,0.1875,8.63,-97.82734646581692,3.820696537040391,0.038036587574714724,0.029798861759001916,12.380435383279476,HIGH
Tripura,24.0,92.0,24.0,92.0,2026-09-04,8,-0.45861328,0.24813782,0.5214389,118.41609,23.373016,87.5,1008.2757,0.0,9,0.0,8.63,-100.0,3.820696537040391,0.038036587574714724,0.017128845333751124,9.401423317145248,HIGH
Tripura,24.0,92.0,24.0,92.0,2026-09-05,9,-0.45605958,0.6882129,0.82560724,146.46866,22.983795,96.5,1008.89014,0.0,9,0.0,8.63,-100.0,3.820696537040391,0.038036587574714724,0.017128845333751124,11.75281285145103,HIGH
Tripura,24.0,92.0,24.0,92.0,2026-09-06,10,-0.25291198,1.0220141,1.0528425,166.10057,23.169983,99.1,1009.20294,0.0,9,0.0,8.63,-100.0,3.820696537040391,0.038036587574714724,0.017128845333751124,12.47855774895071,HIGH
Uttar Pradesh,26.75,81.0,26.75,81.0,2026-08-28,1,1.8699024,0.08216309,1.8717066,267.48407,26.050018,93.6,1001.3298,13.0,8,13.0,9.516774193548388,36.60090841298894,15.92030970585039,0.2097446114834269,0.43529609664809726,42.13712195286539,MEDIUM
Uttar Pradesh,26.75,81.0,26.75,81.0,2026-08-29,2,4.209917,1.1274731,4.358279,255.00726,26.649994,79.4,1000.0186,0.0,8,0.0,9.516774193548388,-100.0,15.92030970585039,0.2097446114834269,0.026636556817472273,14.828795392529187,HIGH
Uttar Pradesh,26.75,81.0,26.75,81.0,2026-08-30,3,2.0672834,4.076123,4.5703874,206.89273,26.114563,92.1,1001.2514,4.125,8,4.125,9.516774193548388,-56.655480984340045,15.92030970585039,0.2097446114834269,0.1389457205698654,25.181733743695688,HIGH
Uttar Pradesh,26.75,81.0,26.75,81.0,2026-08-31,4,4.253311,1.9779297,4.690721,245.06003,25.148865,89.9,1001.2801,1.375,8,1.375,9.516774193548388,-85.55182699478001,15.92030970585039,0.2097446114834269,0.03325165264455918,18.700836536776674,HIGH
Uttar Pradesh,26.75,81.0,26.75,81.0,2026-09-01,5,1.5775158,2.3395092,2.8216767,213.99155,24.411865,92.0,1002.04626,3.5,9,3.5,5.9286666666666665,-40.96480377825256,15.92030970585039,0.2097446114834269,0.15815499592516044,26.094983437917673,HIGH
Uttar Pradesh,26.75,81.0,26.75,81.0,2026-09-02,6,-1.6220312,-0.7107178,1.7709051,66.33863,24.611328,95.2,1004.569,0.5625,9,0.5625,5.9286666666666665,-90.51220060721916,15.92030970585039,0.2097446114834269,0.0320813109520785,18.675355807966813,HIGH
Uttar Pradesh,26.75,81.0,26.75,81.0,2026-09-03,7,-1.5970844,-0.5025928,1.6742992,72.531525,25.312103,92.3,1003.67975,4.9375,9,4.9375,5.9286666666666665,-16.71820533003486,15.92030970585039,0.2097446114834269,0.23925912232314117,30.41483230788533,MEDIUM
Uttar Pradesh,26.75,81.0,26.75,81.0,2026-09-04,8,-2.7986133,-0.13186218,2.801718,87.30238,26.173035,90.3,1003.5397,3.375,9,3.375,5.9286666666666665,-43.07320364331497,15.92030970585039,0.2097446114834269,0.1530722392743493,25.339747171392528,HIGH
Uttar Pradesh,26.75,81.0,26.75,81.0,2026-09-05,9,-3.4060595,-1.1117871,3.5829194,71.92256,25.483795,92.7,1004.3201,1.0,9,1.0,5.9286666666666665,-83.13280107950072,15.92030970585039,0.2097446114834269,0.028371563082116313,18.926927641037423,HIGH
Uttar Pradesh,26.75,81.0,26.75,81.0,2026-09-06,10,-2.692912,0.8020142,2.8098047,106.58479,25.269989,91.8,1004.405,0.0625,9,0.0625,5.9286666666666665,-98.9458000674688,15.92030970585039,0.2097446114834269,0.02255904267623204,17.30967390246882,HIGH
Uttarakhand,30.0,79.25,30.0,79.25,2026-08-28,1,-9.765625e-05,-0.94783694,0.94783694,0.0059032207,16.450012,94.5,1006.6658,0.0,8,0.0,13.630322580645162,-100.0,3.3763483560949106,0.03405180220974461,0.019767116549309818,11.209549777979744,HIGH
Uttarakhand,30.0,79.25,30.0,79.25,2026-08-29,2,0.729917,-1.3525269,1.5369151,331.64563,17.350006,94.9,1004.7805,0.3125,8,0.3125,13.630322580645162,-97.70731765039996,3.3763483560949106,0.03405180220974461,0.029121836189162812,12.022497229407506,HIGH
Uttarakhand,30.0,79.25,30.0,79.25,2026-08-30,3,0.7872833,-0.54387695,0.95687884,304.6378,17.314545,91.6,1005.27545,0.0,8,0.0,13.630322580645162,-100.0,3.3763483560949106,0.03405180220974461,0.019767116549309818,10.487563395711375,HIGH
Uttarakhand,30.0,79.25,30.0,79.25,2026-08-31,4,0.07331116,-0.6120703,0.6164451,353.1699,17.648865,92.7,1005.62805,0.0625,8,0.0625,13.630322580645162,-99.54146353008,3.3763483560949106,0.03405180220974461,0.019767116549309818,10.677565337024975,HIGH
Uttarakhand,30.0,79.25,30.0,79.25,2026-09-01,5,0.35751587,-0.3304907,0.4868693,312.75055,17.511871,93.2,1005.27423,0.25,9,0.25,6.866333333333333,-96.35904655565804,3.3763483560949106,0.03405180220974461,0.027286054879177277,11.243524548033216,HIGH
Uttarakhand,30.0,79.25,30.0,79.25,2026-09-02,6,-0.81203127,0.19928223,0.8361269,103.78857,16.611328,98.2,1009.18896,4.9375,9,4.9375,6.866333333333333,-28.091169474246325,3.3763483560949106,0.03405180220974461,0.05801324390941943,17.811656807750747,HIGH
Uttarakhand,30.0,79.25,30.0,79.25,2026-09-03,7,-0.54708433,-0.41259277,0.68522555,52.977615,16.612122,94.1,1008.8117,0.25,9,0.25,6.866333333333333,-96.35904655565804,3.3763483560949106,0.03405180220974461,0.027286054879177277,11.534643365437129,HIGH
Uttarakhand,30.0,79.25,30.0,79.25,2026-09-04,8,-0.60861325,-0.11186218,0.6188079,79.58535,15.673035,95.3,1009.4957,0.625,9,0.625,6.866333333333333,-90.89761638914511,3.3763483560949106,0.03405180220974461,0.029662220732010868,12.225361470236768,HIGH
Uttarakhand,30.0,79.25,30.0,79.25,2026-09-05,9,0.19394043,-0.6417871,0.67045027,343.18582,15.083801,97.1,1011.0221,4.5625,9,4.5625,6.866333333333333,-33.55259964075926,3.3763483560949106,0.03405180220974461,0.05440302309904508,17.019212916174787,HIGH
Uttarakhand,30.0,79.25,30.0,79.25,2026-09-06,10,-0.072911985,-0.27798584,0.28738874,14.696869,15.269989,93.0,1011.187,1.75,9,1.75,6.866333333333333,-74.51332588960629,3.3763483560949106,0.03405180220974461,0.02607387233528073,12.349784669534912,HIGH
West Bengal,23.0,88.0,23.0,88.0,2026-08-28,1,-0.86009765,1.9621631,2.142394,156.33015,27.550018,87.8,1000.57776,0.25,8,0.25,11.217096774193548,-97.7712593103845,8.66611273301938,0.14888607136388335,0.037059478627197606,13.69117443373421,HIGH
West Bengal,23.0,88.0,23.0,88.0,2026-08-29,2,-2.000083,0.46747315,2.053987,103.155396,27.050018,94.9,1000.81256,0.9375,8,0.9375,11.217096774193548,-91.64222241394185,8.66611273301938,0.14888607136388335,0.03588739078682205,15.764979393366845,HIGH
West Bengal,23.0,88.0,23.0,88.0,2026-08-30,3,-1.0927167,0.076123044,1.095365,93.98501,26.814545,94.2,1000.62744,0.125,8,0.125,11.217096774193548,-98.88562965519225,8.66611273301938,0.14888607136388335,0.03679458203520596,14.863357230702674,HIGH
West Bengal,23.0,88.0,23.0,88.0,2026-08-31,4,2.9633112,-3.7320702,4.765455,321.55,26.348846,92.7,999.7361,0.5625,8,0.5625,11.217096774193548,-94.98533344836511,8.66611273301938,0.14888607136388335,0.04124505355606832,16.12847623633502,HIGH
West Bengal,23.0,88.0,23.0,88.0,2026-09-01,5,-1.8724841,-0.4204907,1.9191167,77.343445,26.411865,91.1,1000.70026,3.3125,9,3.3125,9.975666666666667,-66.79419921809738,8.66611273301938,0.14888607136388335,0.041186958416266954,16.482452643345347,HIGH
West Bengal,23.0,88.0,23.0,88.0,2026-09-02,6,-6.0920315,-1.1707177,6.203501,79.12196,25.511322,94.7,1000.361,0.125,9,0.125,9.975666666666667,-98.74695091389046,8.66611273301938,0.14888607136388335,0.03660035439600886,16.691015172769262,HIGH
West Bengal,23.0,88.0,23.0,88.0,2026-09-03,7,-2.3870842,1.3674072,2.750995,119.805626,25.41211,91.2,1002.33575,0.1875,9,0.1875,9.975666666666667,-98.1204263708357,8.66611273301938,0.14888607136388335,0.0368652509880005,14.713738493390283,HIGH
West Bengal,23.0,88.0,23.0,88.0,2026-09-04,8,-1.8086133,1.4781379,2.3358026,129.25833,24.77304,91.8,1004.7717,0.0625,9,0.0625,9.975666666666667,-99.37347545694524,8.66611273301938,0.14888607136388335,0.024979296902859327,14.173979123592492,HIGH
West Bengal,23.0,88.0,23.0,88.0,2026-09-05,9,-2.1060596,1.6182129,2.6559556,127.53725,25.183807,93.0,1005.8021,0.1875,9,0.1875,9.975666666666667,-98.1204263708357,8.66611273301938,0.14888607136388335,0.0368652509880005,15.132059536643228,HIGH
West Bengal,23.0,88.0,23.0,88.0,2026-09-06,10,-0.612912,2.5420141,2.6148608,166.44398,25.46997,94.5,1007.055,0.0,9,0.0,9.975666666666667,-100.0,8.66611273301938,0.14888607136388335,0.024979296902859327,14.904034452296266,HIGH
Delhi,28.5,77.25,28.5,77.25,2026-08-28,1,3.1299024,0.092163086,3.131259,268.31335,30.149994,52.7,999.8898,0.0,8,0.0,7.877419354838709,-100.0,1.542555138380728,0.016844774497373663,0.01796826613064802,2.4505769236470227,HIGH
Delhi,28.5,77.25,28.5,77.25,2026-08-29,2,5.359917,-0.77252686,5.415303,278.2016,31.450012,44.8,999.3226,0.0,8,0.0,7.877419354838709,-100.0,1.542555138380728,0.016844774497373663,0.01796826613064802,3.2119251190210347,HIGH
Delhi,28.5,77.25,28.5,77.25,2026-08-30,3,4.4272833,0.44612303,4.4497037,264.2459,31.114563,48.8,999.42346,0.0,8,0.0,7.877419354838709,-100.0,1.542555138380728,0.016844774497373663,0.01796826613064802,2.8900586402500634,HIGH
Delhi,28.5,77.25,28.5,77.25,2026-08-31,4,4.4033113,-0.7620703,4.4687696,279.8188,30.948853,49.1,1000.012,0.0,8,0.0,7.877419354838709,-100.0,1.542555138380728,0.016844774497373663,0.01796826613064802,2.8964137992347245,HIGH
Delhi,28.5,77.25,28.5,77.25,2026-09-01,5,4.847516,-0.27049074,4.855057,273.1938,30.211884,52.2,1000.0442,0.0,9,0.0,4.276666666666666,-100.0,1.542555138380728,0.016844774497373663,0.01197988989535495,2.785641266947416,HIGH
Delhi,28.5,77.25,28.5,77.25,2026-09-02,6,-2.7620313,0.7892822,2.8725917,105.94789,25.911346,86.0,1003.989,0.125,9,0.125,4.276666666666666,-97.07716289945441,1.542555138380728,0.016844774497373663,0.028259968636916558,9.43395046069891,HIGH
Delhi,28.5,77.25,28.5,77.25,2026-09-03,7,-2.0670843,1.4974072,2.5524628,125.91978,26.812103,81.6,1003.41974,0.125,9,0.125,4.276666666666666,-97.07716289945441,1.542555138380728,0.016844774497373663,0.028259968636916558,8.22724073677928,HIGH
Delhi,28.5,77.25,28.5,77.25,2026-09-04,8,-1.2286133,2.1681378,2.4920497,150.46118,29.173035,69.5,1002.9597,0.0,9,0.0,4.276666666666666,-100.0,1.542555138380728,0.016844774497373663,0.01197988989535495,4.372972189431814,HIGH
Delhi,28.5,77.25,28.5,77.25,2026-09-05,9,-2.0560596,1.9982129,2.8670955,134.18254,27.583801,81.9,1004.47815,0.0,9,0.0,4.276666666666666,-100.0,1.542555138380728,0.016844774497373663,0.01197988989535495,7.597987758910088,HIGH
Delhi,28.5,77.25,28.5,77.25,2026-09-06,10,-3.272912,1.1620141,3.473072,109.54688,28.069977,77.0,1004.067,0.0625,9,0.0625,4.276666666666666,-98.5385814497272,1.542555138380728,0.016844774497373663,0.01197988989535495,6.6539436357399255,HIGH
Jammu and Kashmir,33.75,76.5,33.75,76.5,2026-08-28,1,0.5499023,-1.497837,1.5955901,339.84024,3.4500122,76.3,1015.22577,0.0,8,0.0,,0.0,,,0.10654278752698586,,
Jammu and Kashmir,33.75,76.5,33.75,76.5,2026-08-29,2,0.699917,-1.2625269,1.4435574,330.99698,4.950012,76.4,1014.40454,0.0,8,0.0,,0.0,,,0.10654278752698586,,
Jammu and Kashmir,33.75,76.5,33.75,76.5,2026-08-30,3,1.5372833,-0.513877,1.6208978,288.48355,4.514557,85.2,1015.2074,0.0625,8,0.0625,,0.0,,,0.10654278752698586,,
Jammu and Kashmir,33.75,76.5,33.75,76.5,2026-08-31,4,1.6733111,0.07792969,1.6751248,267.33356,4.5488586,83.9,1014.392,0.25,8,0.25,,0.0,,,0.11634945687341457,,
Jammu and Kashmir,33.75,76.5,33.75,76.5,2026-09-01,5,1.5975158,0.5995093,1.7063025,249.4301,5.311859,80.2,1012.01025,0.5625,9,0.5625,,0.0,,,0.11455140707226273,,
Jammu and Kashmir,33.75,76.5,33.75,76.5,2026-09-02,6,1.9379687,0.08928223,1.9400243,267.36224,3.011322,94.7,1015.421,0.8125,9,0.8125,,0.0,,,0.11783829132485084,,
Jammu and Kashmir,33.75,76.5,33.75,76.5,2026-09-03,7,2.0829155,0.19740723,2.0922492,264.586,2.4121094,79.1,1015.0717,0.125,9,0.125,,0.0,,,0.11549720127125757,,
Jammu and Kashmir,33.75,76.5,33.75,76.5,2026-09-04,8,1.7113867,0.25813782,1.7307454,261.42242,0.37301636,78.3,1018.2317,0.0,9,0.0,,0.0,,,0.10411717605522262,,
Jammu and Kashmir,33.75,76.5,33.75,76.5,2026-09-05,9,1.7439405,0.56821287,1.834174,251.95331,-0.51620483,62.4,1020.5181,0.0,9,0.0,,0.0,,,0.10411717605522262,,
Jammu and Kashmir,33.75,76.5,33.75,76.5,2026-09-06,10,1.607088,1.0520141,1.9207982,236.7909,-1.6300354,80.2,1021.885,0.0,9,0.0,,0.0,,,0.10411717605522262,,
Ladakh,34.25,77.5,34.25,77.5,2026-08-28,1,-0.9500977,-3.6978369,3.8179421,14.4095125,7.75,34.8,1012.72174,0.0,8,0.0,,0.0,2.147832949103423,0.0028980257199782648,0.02692480660136189,,
Ladakh,34.25,77.5,34.25,77.5,2026-08-29,2,-0.780083,-3.292527,3.3836758,13.329045,9.450012,32.9,1011.0666,0.0,8,0.0,,0.0,2.147832949103423,0.0028980257199782648,0.02692480660136189,,
Ladakh,34.25,77.5,34.25,77.5,2026-08-30,3,-0.7827167,-3.753877,3.8346105,11.777928,9.814545,42.4,1010.14343,0.0,8,0.0,,0.0,2.147832949103423,0.0028980257199782648,0.02692480660136189,,
Ladakh,34.25,77.5,34.25,77.5,2026-08-31,4,-0.68668884,-3.0920703,3.1674027,12.521075,10.448853,40.5,1009.072,0.0,8,0.0,,0.0,2.147832949103423,0.0028980257199782648,0.02692480660136189,,
Ladakh,34.25,77.5,34.25,77.5,2026-09-01,5,-0.61248416,1.2895093,1.4275752,154.59346,8.511871,68.2,1009.3502,0.8125,9,0.8125,,0.0,2.147832949103423,0.0028980257199782648,0.032190283826650595,,
Ladakh,34.25,77.5,34.25,77.5,2026-09-02,6,-1.6320312,-2.7607179,3.2070374,30.58996,5.9113464,83.5,1012.673,2.75,9,2.75,,0.0,2.147832949103423,0.0028980257199782648,0.03095751490060218,,
Ladakh,34.25,77.5,34.25,77.5,2026-09-03,7,2.5129156,0.13740723,2.5166695,266.87018,6.7121277,68.4,1010.4558,0.625,9,0.625,,0.0,2.147832949103423,0.0028980257199782648,0.03198824831136819,,
Ladakh,34.25,77.5,34.25,77.5,2026-09-04,8,2.6713867,0.28813782,2.686881,263.84384,5.8730164,68.1,1012.56366,0.5,9,0.5,,0.0,2.147832949103423,0.0028980257199782648,0.032123540084696055,,
Ladakh,34.25,77.5,34.25,77.5,2026-09-05,9,2.6139405,-0.22178711,2.6233327,274.84982,5.383789,46.6,1014.14014,0.0,9,0.0,,0.0,2.147832949103423,0.0028980257199782648,0.025623739759679576,,
Ladakh,34.25,77.5,34.25,77.5,2026-09-06,10,2.337088,-0.17798585,2.3438559,274.35507,4.569977,55.600002,1015.299,0.0,9,0.0,,0.0,2.147832949103423,0.0028980257199782648,0.025623739759679576,,
Puducherry,12.0,79.75,12.0,79.75,2026-08-28,1,6.0499024,1.002163,6.1323442,260.5944,28.350006,58.9,1007.8717,0.0,8,0.0,3.2903225806451615,-100.0,3.6147226598442312,0.044557145444665824,0.01627651858711385,4.358450451674141,HIGH
Puducherry,12.0,79.75,12.0,79.75,2026-08-29,2,6.099917,0.16747314,6.1022153,268.42734,28.450012,53.2,1007.9486,0.0,8,0.0,3.2903225806451615,-100.0,3.6147226598442312,0.044557145444665824,0.01627651858711385,4.348407441558518,HIGH
Puducherry,12.0,79.75,12.0,79.75,2026-08-30,3,6.297283,0.22612305,6.301342,267.9435,28.314545,51.0,1008.62744,0.0,8,0.0,3.2903225806451615,-100.0,3.6147226598442312,0.044557145444665824,0.01627651858711385,4.414782987715878,HIGH
Puducherry,12.0,79.75,12.0,79.75,2026-08-31,4,5.5133114,-0.59207034,5.5450115,276.12946,27.948853,50.6,1008.348,0.0,8,0.0,3.2903225806451615,-100.0,3.6147226598442312,0.044557145444665824,0.01627651858711385,4.162672849180378,HIGH
Puducherry,12.0,79.75,12.0,79.75,2026-09-01,5,3.4075158,0.94950926,3.537334,254.42944,27.31186,54.7,1007.6702,0.0,9,0.0,3.723333333333333,-100.0,3.6147226598442312,0.044557145444665824,0.015657363026929466,3.468680669528368,HIGH
Puducherry,12.0,79.75,12.0,79.75,2026-09-02,6,4.377969,0.61928225,4.4215517,261.9487,27.81134,52.2,1008.989,0.0,9,0.0,3.723333333333333,-100.0,3.6147226598442312,0.044557145444665824,0.015657363026929466,3.763420050007227,HIGH
Puducherry,12.0,79.75,12.0,79.75,2026-09-03,7,3.4729156,0.44740722,3.5016162,262.65918,27.612122,56.7,1008.3477,0.125,9,0.125,3.723333333333333,-96.64279319606088,3.6147226598442312,0.044557145444665824,0.025772008724019944,4.037789731394262,HIGH
Puducherry,12.0,79.75,12.0,79.75,2026-09-04,8,1.5113868,3.4681377,3.783156,203.5472,27.77304,60.0,1007.6757,0.125,9,0.125,3.723333333333333,-96.64279319606088,3.6147226598442312,0.044557145444665824,0.025772008724019944,4.13163631327054,HIGH
Puducherry,12.0,79.75,12.0,79.75,2026-09-05,9,1.6139405,2.9782128,3.3874114,208.45396,27.183807,75.0,1007.2861,0.1875,9,0.1875,3.723333333333333,-94.96418979409131,3.6147226598442312,0.044557145444665824,0.025772008724019944,7.8379361422630005,HIGH
Puducherry,12.0,79.75,12.0,79.75,2026-09-06,10,0.967088,4.892014,4.986688,191.18246,26.96997,76.4,1007.825,0.3125,9,0.3125,3.723333333333333,-91.6069829901522,3.6147226598442312,0.044557145444665824,0.028569627771638982,9.009362710916818,HIGH
Chandigarh,30.75,76.75,30.75,76.75,2026-08-28,1,-2.3100977,1.1621631,2.585957,116.70603,26.75,68.9,1000.3658,0.0,8,0.0,9.3,-100.0,2.7610838851657307,0.040934613294692994,0.025928815573665977,5.463620202058027,HIGH
Chandigarh,30.75,76.75,30.75,76.75,2026-08-29,2,-1.700083,0.78747314,1.8736051,114.853424,27.550018,62.5,999.4006,0.0,8,0.0,9.3,-100.0,2.7610838851657307,0.040934613294692994,0.025928815573665977,3.626169144549439,HIGH
Chandigarh,30.75,76.75,30.75,76.75,2026-08-30,3,-2.3827167,1.8561231,3.0203528,127.91839,27.71457,65.7,999.52344,0.0,8,0.0,9.3,-100.0,2.7610838851657307,0.040934613294692994,0.025928815573665977,4.808417634480665,HIGH
Chandigarh,30.75,76.75,30.75,76.75,2026-08-31,4,-1.8266889,3.7179296,4.142438,153.83424,28.448853,71.0,999.90405,0.0,8,0.0,9.3,-100.0,2.7610838851657307,0.040934613294692994,0.025928815573665977,6.507446916216085,HIGH
Chandigarh,30.75,76.75,30.75,76.75,2026-09-01,5,-0.61248416,1.1395093,1.293684,151.74203,28.111877,72.4,999.7483,0.1875,9,0.1875,5.166666666666667,-96.37096774193549,2.7610838851657307,0.040934613294692994,0.17241523553591334,11.97002192175994,HIGH
Chandigarh,30.75,76.75,30.75,76.75,2026-09-02,6,-2.6320312,3.7792823,4.6054926,145.14522,23.81134,89.1,1004.849,5.3125,9,5.3125,5.166666666666667,2.8225806451612843,2.7610838851657307,0.040934613294692994,0.24140107469703792,25.54893145186632,HIGH
Chandigarh,30.75,76.75,30.75,76.75,2026-09-03,7,-2.4270844,1.7174072,2.973252,125.28326,24.212128,86.8,1003.8398,0.125,9,0.125,5.166666666666667,-97.58064516129032,2.7610838851657307,0.040934613294692994,0.17241523553591334,16.062310988406896,HIGH
Chandigarh,30.75,76.75,30.75,76.75,2026-09-04,8,-1.8586133,0.6681378,1.9750572,109.77259,25.173035,75.0,1003.5557,0.625,9,0.625,5.166666666666667,-87.90322580645162,2.7610838851657307,0.040934613294692994,0.17330126157968545,13.35556019386953,HIGH
Chandigarh,30.75,76.75,30.75,76.75,2026-09-05,9,-2.0460596,1.8482128,2.757218,132.0916,23.683807,89.3,1005.33417,1.9375,9,1.9375,5.166666666666667,-62.5,2.7610838851657307,0.040934613294692994,0.1710853835840308,18.521565074085018,HIGH
Chandigarh,30.75,76.75,30.75,76.75,2026-09-06,10,-1.652912,0.96201414,1.9124825,120.199905,24.569977,86.2,1005.30896,0.0,9,0.0,5.166666666666667,-100.0,2.7610838851657307,0.040934613294692994,0.023925443590751667,9.48399249456603,HIGH
Dadra and Nagar Haveli and Daman and Diu,20.25,73.0,20.25,73.0,2026-08-28,1,3.2899024,2.122163,3.9149756,237.17583,24.850006,85.7,1007.7658,0.75,8,0.75,,0.0,,,0.11959079638753711,,
Dadra and Nagar Haveli and Daman and Diu,20.25,73.0,20.25,73.0,2026-08-29,2,3.579917,2.667473,4.4644394,233.30942,24.950012,89.2,1007.87054,0.875,8,0.875,,0.0,,,0.11959079638753711,,
Dadra and Nagar Haveli and Daman and Diu,20.25,73.0,20.25,73.0,2026-08-30,3,3.0572834,2.6761231,4.06308,228.80347,25.014557,87.1,1008.0114,0.625,8,0.625,,0.0,,,0.11630391213494898,,
Dadra and Nagar Haveli and Daman and Diu,20.25,73.0,20.25,73.0,2026-08-31,4,2.833311,2.8779297,4.0385804,224.5524,24.74887,89.0,1008.09607,0.875,8,0.875,,0.0,,,0.11959079638753711,,
Dadra and Nagar Haveli and Daman and Diu,20.25,73.0,20.25,73.0,2026-09-01,5,2.6475158,2.9195092,3.9411767,222.20288,24.711884,89.6,1006.89825,1.1875,9,1.1875,,0.0,,,0.1162523200785742,,
Dadra and Nagar Haveli and Daman and Diu,20.25,73.0,20.25,73.0,2026-09-02,6,2.1479688,2.6492822,3.4106402,219.03424,24.81134,90.9,1007.193,1.125,9,1.125,,0.0,,,0.11617622227418298,,
Dadra and Nagar Haveli and Daman and Diu,20.25,73.0,20.25,73.0,2026-09-03,7,2.6729157,1.9274073,3.295357,234.2051,24.712128,90.7,1006.68774,1.75,9,1.75,,0.0,,,0.11627499581553565,,
Dadra and Nagar Haveli and Daman and Diu,20.25,73.0,20.25,73.0,2026-09-04,8,1.1513867,1.7181379,2.0682576,213.82748,23.973022,92.8,1006.5517,3.625,9,3.625,,0.0,,,0.12075973864129824,,
Dadra and Nagar Haveli and Daman and Diu,20.25,73.0,20.25,73.0,2026-09-05,9,-0.34605956,1.9182129,1.9491787,169.7734,23.783783,91.3,1006.3181,0.1875,9,0.1875,,0.0,,,0.11507969033471552,,
Dadra and Nagar Haveli and Daman and Diu,20.25,73.0,20.25,73.0,2026-09-06,10,-0.602912,2.0220141,2.1099868,163.39677,23.46997,95.7,1006.40295,0.625,9,0.625,,0.0,,,0.11455140707226273,,
Andaman and Nicobar Islands,11.75,92.75,11.75,92.75,2026-08-28,1,6.7999024,5.302163,8.622738,232.05501,26.950012,84.7,1009.26776,1.8125,8,1.8125,,0.0,,,0.1179138088827658,,
Andaman and Nicobar Islands,11.75,92.75,11.75,92.75,2026-08-29,2,6.769917,5.077473,8.462418,233.12991,26.850006,85.4,1009.22455,0.75,8,0.75,,0.0,,,0.11959079638753711,,
Andaman and Nicobar Islands,11.75,92.75,11.75,92.75,2026-08-30,3,7.2072835,5.356123,8.979588,233.38196,26.71457,85.2,1009.07947,1.75,8,1.75,,0.0,,,0.1179138088827658,,
Andaman and Nicobar Islands,11.75,92.75,11.75,92.75,2026-08-31,4,6.8833113,4.7279296,8.350646,235.51607,26.74887,84.6,1008.5201,0.75,8,0.75,,0.0,,,0.11959079638753711,,
Andaman and Nicobar Islands,11.75,92.75,11.75,92.75,2026-09-01,5,6.4975157,5.009509,8.204443,232.3682,26.81186,84.4,1008.9462,0.75,9,0.75,,0.0,,,0.11783829132485084,,
Andaman and Nicobar Islands,11.75,92.75,11.75,92.75,2026-09-02,6,6.127969,4.029282,7.33397,236.67415,26.81134,84.6,1010.38104,3.0,9,3.0,,0.0,,,0.1230140121455717,,
Andaman and Nicobar Islands,11.75,92.75,11.75,92.75,2026-09-03,7,5.7829156,3.1074073,6.5649137,241.74896,26.812103,83.2,1010.3717,2.75,9,2.75,,0.0,,,0.11662587300851811,,
Andaman and Nicobar Islands,11.75,92.75,11.75,92.75,2026-09-04,8,4.1913867,1.6581378,4.507454,248.41595,26.473022,81.5,1010.1397,2.0,9,2.0,,0.0,,,0.11627499581553565,,
Andaman and Nicobar Islands,11.75,92.75,11.75,92.75,2026-09-05,9,4.2239404,0.9082129,4.320477,257.86526,26.88379,81.6,1009.98016,2.3125,9,2.3125,,0.0,,,0.11627499581553565,,
Andaman and Nicobar Islands,11.75,92.75,11.75,92.75,2026-09-06,10,4.107088,0.0020141602,4.1070886,269.97192,26.769989,81.2,1010.051,2.875,9,2.875,,0.0,,,0.11662587300851811,,
Lakshadweep,10.5,72.5,10.5,72.5,2026-08-28,1,6.1599026,-2.4478369,6.6284466,291.672,27.950012,77.5,1011.66376,0.0,8,0.0,,0.0,,,0.10654278752698586,,
Lakshadweep,10.5,72.5,10.5,72.5,2026-08-29,2,5.709917,-2.2725267,6.1455293,291.7024,27.850006,75.2,1012.01654,0.0,8,0.0,,0.0,,,0.10654278752698586,,
Lakshadweep,10.5,72.5,10.5,72.5,2026-08-30,3,5.547283,-1.433877,5.7296033,284.49277,27.71457,74.9,1012.10345,0.0,8,0.0,,0.0,,,0.10654278752698586,,
Lakshadweep,10.5,72.5,10.5,72.5,2026-08-31,4,5.293311,-0.7320703,5.343694,277.8741,27.448853,77.4,1011.9761,0.0625,8,0.0625,,0.0,,,0.10654278752698586,,
Lakshadweep,10.5,72.5,10.5,72.5,2026-09-01,5,4.837516,-0.47049072,4.8603415,275.55505,27.611877,75.4,1011.1783,0.0,9,0.0,,0.0,,,0.10411717605522262,,
Lakshadweep,10.5,72.5,10.5,72.5,2026-09-02,6,5.6179686,0.14928223,5.6199517,268.47787,27.911346,75.7,1011.729,0.0,9,0.0,,0.0,,,0.10411717605522262,,
Lakshadweep,10.5,72.5,10.5,72.5,2026-09-03,7,5.9729156,-0.19259277,5.97602,271.84683,27.812103,75.5,1010.97577,1.0,9,1.0,,0.0,,,0.11783829132485084,,
Lakshadweep,10.5,72.5,10.5,72.5,2026-09-04,8,4.491387,-1.1118622,4.6269636,283.9043,27.673035,76.3,1010.5557,0.1875,9,0.1875,,0.0,,,0.11507969033471552,,
Lakshadweep,10.5,72.5,10.5,72.5,2026-09-05,9,3.6239405,-2.8117871,4.5868387,307.80762,27.683807,75.6,1010.0221,0.1875,9,0.1875,,0.0,,,0.11507969033471552,,
Lakshadweep,10.5,72.5,10.5,72.5,2026-09-06,10,4.457088,-2.7479858,5.23613,301.6556,27.869965,75.5,1010.43896,0.0,9,0.0,,0.0,,,0.10411717605522262,,
